player,current_rank,recent5,recent10,season_summary,sg,starts_remaining_modeled,coverage_status
김민솔,1,NOT_AVAILABLE,NOT_AVAILABLE,"prize=1529979428,wins=3,paid=21,played=21",NOT_AVAILABLE,3,SEASON_SUMMARY_ONLY
서교림,2,NOT_AVAILABLE,NOT_AVAILABLE,"prize=1413216000,wins=4,paid=21,played=23",NOT_AVAILABLE,3,SEASON_SUMMARY_ONLY
김민선7,3,NOT_AVAILABLE,NOT_AVAILABLE,"prize=937279047,wins=2,paid=21,played=21",NOT_AVAILABLE,3,SEASON_SUMMARY_ONLY
최예림,4,NOT_AVAILABLE,NOT_AVAILABLE,"prize=693671191,wins=1,paid=19,played=25",NOT_AVAILABLE,3,SEASON_SUMMARY_ONLY
장은수,5,NOT_AVAILABLE,NOT_AVAILABLE,"prize=686658333,wins=1,paid=21,played=24",NOT_AVAILABLE,3,SEASON_SUMMARY_ONLY
이다연,6,NOT_AVAILABLE,NOT_AVAILABLE,"prize=665841190,wins=1,paid=18,played=19",NOT_AVAILABLE,3,SEASON_SUMMARY_ONLY
방신실,7,NOT_AVAILABLE,NOT_AVAILABLE,"prize=644986191,wins=1,paid=19,played=23",NOT_AVAILABLE,3,SEASON_SUMMARY_ONLY
유현조,8,NOT_AVAILABLE,NOT_AVAILABLE,"prize=637784047,wins=1,paid=16,played=19",NOT_AVAILABLE,3,SEASON_SUMMARY_ONLY
이예원,9,NOT_AVAILABLE,NOT_AVAILABLE,"prize=606560098,wins=1,paid=17,played=20",NOT_AVAILABLE,3,SEASON_SUMMARY_ONLY
김민주,10,NOT_AVAILABLE,NOT_AVAILABLE,"prize=543405000,wins=0,paid=23,played=25",NOT_AVAILABLE,3,SEASON_SUMMARY_ONLY
박보겸,11,NOT_AVAILABLE,NOT_AVAILABLE,"prize=535974048,wins=1,paid=18,played=24",NOT_AVAILABLE,3,SEASON_SUMMARY_ONLY
박민지,12,NOT_AVAILABLE,NOT_AVAILABLE,"prize=521428333,wins=1,paid=15,played=19",NOT_AVAILABLE,3,SEASON_SUMMARY_ONLY
전예성,13,NOT_AVAILABLE,NOT_AVAILABLE,"prize=505589786,wins=0,paid=20,played=22",NOT_AVAILABLE,3,SEASON_SUMMARY_ONLY
유서연2,14,NOT_AVAILABLE,NOT_AVAILABLE,"prize=477975858,wins=0,paid=22,played=23",NOT_AVAILABLE,3,SEASON_SUMMARY_ONLY
박혜준,15,NOT_AVAILABLE,NOT_AVAILABLE,"prize=459824145,wins=0,paid=17,played=24",NOT_AVAILABLE,3,SEASON_SUMMARY_ONLY
김시현,16,NOT_AVAILABLE,NOT_AVAILABLE,"prize=438194583,wins=0,paid=21,played=25",NOT_AVAILABLE,3,SEASON_SUMMARY_ONLY
고지원,17,NOT_AVAILABLE,NOT_AVAILABLE,"prize=431745953,wins=1,paid=14,played=21",NOT_AVAILABLE,3,SEASON_SUMMARY_ONLY
이지현3,18,NOT_AVAILABLE,NOT_AVAILABLE,"prize=425645000,wins=0,paid=17,played=24",NOT_AVAILABLE,3,SEASON_SUMMARY_ONLY
노승희,19,NOT_AVAILABLE,NOT_AVAILABLE,"prize=421835715,wins=0,paid=20,played=24",NOT_AVAILABLE,3,SEASON_SUMMARY_ONLY
김수지,20,NOT_AVAILABLE,NOT_AVAILABLE,"prize=420560000,wins=0,paid=20,played=22",NOT_AVAILABLE,3,SEASON_SUMMARY_ONLY
고지우,21,NOT_AVAILABLE,NOT_AVAILABLE,"prize=403718333,wins=1,paid=12,played=21",NOT_AVAILABLE,3,SEASON_SUMMARY_ONLY
신다인,22,NOT_AVAILABLE,NOT_AVAILABLE,"prize=403596336,wins=1,paid=16,played=25",NOT_AVAILABLE,3,SEASON_SUMMARY_ONLY
성유진,23,NOT_AVAILABLE,NOT_AVAILABLE,"prize=383292667,wins=0,paid=19,played=22",NOT_AVAILABLE,3,SEASON_SUMMARY_ONLY
문정민,24,NOT_AVAILABLE,NOT_AVAILABLE,"prize=381075953,wins=0,paid=18,played=24",NOT_AVAILABLE,3,SEASON_SUMMARY_ONLY
박예지,25,NOT_AVAILABLE,NOT_AVAILABLE,"prize=366584622,wins=0,paid=17,played=24",NOT_AVAILABLE,3,SEASON_SUMMARY_ONLY
박현경,26,NOT_AVAILABLE,NOT_AVAILABLE,"prize=355519583,wins=0,paid=14,played=20",NOT_AVAILABLE,3,SEASON_SUMMARY_ONLY
최은우,27,NOT_AVAILABLE,NOT_AVAILABLE,"prize=352415476,wins=0,paid=17,played=23",NOT_AVAILABLE,3,SEASON_SUMMARY_ONLY
임진영,28,NOT_AVAILABLE,NOT_AVAILABLE,"prize=347022143,wins=1,paid=15,played=22",NOT_AVAILABLE,3,SEASON_SUMMARY_ONLY
이세희,29,NOT_AVAILABLE,NOT_AVAILABLE,"prize=346876051,wins=0,paid=19,played=23",NOT_AVAILABLE,3,SEASON_SUMMARY_ONLY
서어진,30,NOT_AVAILABLE,NOT_AVAILABLE,"prize=345660833,wins=0,paid=21,played=23",NOT_AVAILABLE,3,SEASON_SUMMARY_ONLY
홍진영2,31,NOT_AVAILABLE,NOT_AVAILABLE,"prize=339279762,wins=0,paid=18,played=25",NOT_AVAILABLE,3,SEASON_SUMMARY_ONLY
짜라위 분짠(I),32,NOT_AVAILABLE,NOT_AVAILABLE,"prize=306327428,wins=1,paid=14,played=18",NOT_AVAILABLE,3,SEASON_SUMMARY_ONLY
한진선,33,NOT_AVAILABLE,NOT_AVAILABLE,"prize=292959741,wins=0,paid=18,played=23",NOT_AVAILABLE,3,SEASON_SUMMARY_ONLY
김재희,34,NOT_AVAILABLE,NOT_AVAILABLE,"prize=267199047,wins=0,paid=17,played=24",NOT_AVAILABLE,3,SEASON_SUMMARY_ONLY
최예본,35,NOT_AVAILABLE,NOT_AVAILABLE,"prize=252144405,wins=0,paid=19,played=24",NOT_AVAILABLE,3,SEASON_SUMMARY_ONLY
안지현,36,NOT_AVAILABLE,NOT_AVAILABLE,"prize=248329286,wins=0,paid=19,played=24",NOT_AVAILABLE,3,SEASON_SUMMARY_ONLY
양효진,37,NOT_AVAILABLE,NOT_AVAILABLE,"prize=240746667,wins=0,paid=18,played=25",NOT_AVAILABLE,3,SEASON_SUMMARY_ONLY
전우리,38,NOT_AVAILABLE,NOT_AVAILABLE,"prize=234703334,wins=0,paid=17,played=25",NOT_AVAILABLE,3,SEASON_SUMMARY_ONLY
빳차라쭈타 콩끄라판(I),39,NOT_AVAILABLE,NOT_AVAILABLE,"prize=233805000,wins=0,paid=17,played=19",NOT_AVAILABLE,3,SEASON_SUMMARY_ONLY
임희정,40,NOT_AVAILABLE,NOT_AVAILABLE,"prize=232867976,wins=0,paid=15,played=22",NOT_AVAILABLE,3,SEASON_SUMMARY_ONLY
김민별,41,NOT_AVAILABLE,NOT_AVAILABLE,"prize=209393571,wins=0,paid=18,played=24",NOT_AVAILABLE,3,SEASON_SUMMARY_ONLY
이승연,42,NOT_AVAILABLE,NOT_AVAILABLE,"prize=203868810,wins=0,paid=14,played=24",NOT_AVAILABLE,3,SEASON_SUMMARY_ONLY
송은아,43,NOT_AVAILABLE,NOT_AVAILABLE,"prize=202751666,wins=0,paid=18,played=25",NOT_AVAILABLE,3,SEASON_SUMMARY_ONLY
정소이,44,NOT_AVAILABLE,NOT_AVAILABLE,"prize=201162857,wins=0,paid=19,played=25",NOT_AVAILABLE,3,SEASON_SUMMARY_ONLY
이율린,45,NOT_AVAILABLE,NOT_AVAILABLE,"prize=195845000,wins=0,paid=12,played=24",NOT_AVAILABLE,3,SEASON_SUMMARY_ONLY
이가영,46,NOT_AVAILABLE,NOT_AVAILABLE,"prize=194187717,wins=0,paid=19,played=24",NOT_AVAILABLE,3,SEASON_SUMMARY_ONLY
배소현,47,NOT_AVAILABLE,NOT_AVAILABLE,"prize=192666607,wins=0,paid=21,played=23",NOT_AVAILABLE,3,SEASON_SUMMARY_ONLY
최가빈,48,NOT_AVAILABLE,NOT_AVAILABLE,"prize=190277955,wins=0,paid=18,played=25",NOT_AVAILABLE,3,SEASON_SUMMARY_ONLY
홍현지,49,NOT_AVAILABLE,NOT_AVAILABLE,"prize=173641764,wins=0,paid=16,played=23",NOT_AVAILABLE,3,SEASON_SUMMARY_ONLY
정윤지,50,NOT_AVAILABLE,NOT_AVAILABLE,"prize=171702857,wins=0,paid=13,played=23",NOT_AVAILABLE,3,SEASON_SUMMARY_ONLY
윤수아,51,NOT_AVAILABLE,NOT_AVAILABLE,"prize=170715357,wins=0,paid=19,played=23",NOT_AVAILABLE,3,SEASON_SUMMARY_ONLY
김지수,52,NOT_AVAILABLE,NOT_AVAILABLE,"prize=168571765,wins=0,paid=15,played=24",NOT_AVAILABLE,3,SEASON_SUMMARY_ONLY
이채은2,53,NOT_AVAILABLE,NOT_AVAILABLE,"prize=167120536,wins=0,paid=17,played=24",NOT_AVAILABLE,3,SEASON_SUMMARY_ONLY
김가희2,54,NOT_AVAILABLE,NOT_AVAILABLE,"prize=165204523,wins=0,paid=15,played=24",NOT_AVAILABLE,3,SEASON_SUMMARY_ONLY
마서영,55,NOT_AVAILABLE,NOT_AVAILABLE,"prize=164138333,wins=0,paid=16,played=24",NOT_AVAILABLE,3,SEASON_SUMMARY_ONLY
지한솔,56,NOT_AVAILABLE,NOT_AVAILABLE,"prize=162531765,wins=0,paid=15,played=23",NOT_AVAILABLE,3,SEASON_SUMMARY_ONLY
김지윤2,57,NOT_AVAILABLE,NOT_AVAILABLE,"prize=154330000,wins=0,paid=5,played=24",NOT_AVAILABLE,3,SEASON_SUMMARY_ONLY
안재희,58,NOT_AVAILABLE,NOT_AVAILABLE,"prize=147941051,wins=0,paid=17,played=24",NOT_AVAILABLE,3,SEASON_SUMMARY_ONLY
조아연,59,NOT_AVAILABLE,NOT_AVAILABLE,"prize=147340000,wins=0,paid=11,played=23",NOT_AVAILABLE,3,SEASON_SUMMARY_ONLY
김새로미,60,NOT_AVAILABLE,NOT_AVAILABLE,"prize=147312262,wins=0,paid=12,played=24",NOT_AVAILABLE,3,SEASON_SUMMARY_ONLY
한아름,61,NOT_AVAILABLE,NOT_AVAILABLE,"prize=146194643,wins=0,paid=19,played=24",NOT_AVAILABLE,3,SEASON_SUMMARY_ONLY
한지원,62,NOT_AVAILABLE,NOT_AVAILABLE,"prize=144250000,wins=0,paid=13,played=24",NOT_AVAILABLE,3,SEASON_SUMMARY_ONLY
최정원,63,NOT_AVAILABLE,NOT_AVAILABLE,"prize=142181250,wins=0,paid=16,played=25",NOT_AVAILABLE,3,SEASON_SUMMARY_ONLY
김우정,64,NOT_AVAILABLE,NOT_AVAILABLE,"prize=140947857,wins=0,paid=17,played=24",NOT_AVAILABLE,3,SEASON_SUMMARY_ONLY
마다솜,65,NOT_AVAILABLE,NOT_AVAILABLE,"prize=138882523,wins=0,paid=14,played=24",NOT_AVAILABLE,3,SEASON_SUMMARY_ONLY
홍정민,66,NOT_AVAILABLE,NOT_AVAILABLE,"prize=134968333,wins=0,paid=6,played=18",NOT_AVAILABLE,3,SEASON_SUMMARY_ONLY
최민경,67,NOT_AVAILABLE,NOT_AVAILABLE,"prize=129244285,wins=0,paid=14,played=24",NOT_AVAILABLE,3,SEASON_SUMMARY_ONLY
박결,68,NOT_AVAILABLE,NOT_AVAILABLE,"prize=125776429,wins=0,paid=10,played=22",NOT_AVAILABLE,3,SEASON_SUMMARY_ONLY
홍지원,69,NOT_AVAILABLE,NOT_AVAILABLE,"prize=125517143,wins=0,paid=15,played=24",NOT_AVAILABLE,3,SEASON_SUMMARY_ONLY
김소정,70,NOT_AVAILABLE,NOT_AVAILABLE,"prize=123000000,wins=0,paid=10,played=24",NOT_AVAILABLE,3,SEASON_SUMMARY_ONLY
김나현2,71,NOT_AVAILABLE,NOT_AVAILABLE,"prize=120950000,wins=0,paid=9,played=18",NOT_AVAILABLE,3,SEASON_SUMMARY_ONLY
이재윤,72,NOT_AVAILABLE,NOT_AVAILABLE,"prize=118499643,wins=0,paid=15,played=24",NOT_AVAILABLE,3,SEASON_SUMMARY_ONLY
김서윤2,73,NOT_AVAILABLE,NOT_AVAILABLE,"prize=115551250,wins=0,paid=11,played=15",NOT_AVAILABLE,3,SEASON_SUMMARY_ONLY
김하은2,74,NOT_AVAILABLE,NOT_AVAILABLE,"prize=113178333,wins=0,paid=13,played=23",NOT_AVAILABLE,3,SEASON_SUMMARY_ONLY
유지나,75,NOT_AVAILABLE,NOT_AVAILABLE,"prize=112322143,wins=0,paid=17,played=25",NOT_AVAILABLE,3,SEASON_SUMMARY_ONLY
이주미,76,NOT_AVAILABLE,NOT_AVAILABLE,"prize=109730000,wins=0,paid=13,played=23",NOT_AVAILABLE,3,SEASON_SUMMARY_ONLY
손예빈,77,NOT_AVAILABLE,NOT_AVAILABLE,"prize=96270000,wins=0,paid=8,played=23",NOT_AVAILABLE,3,SEASON_SUMMARY_ONLY
왕 즈쉬엔,78,NOT_AVAILABLE,NOT_AVAILABLE,"prize=94440715,wins=0,paid=10,played=19",NOT_AVAILABLE,3,SEASON_SUMMARY_ONLY
박서현,79,NOT_AVAILABLE,NOT_AVAILABLE,"prize=94024643,wins=0,paid=13,played=22",NOT_AVAILABLE,3,SEASON_SUMMARY_ONLY
현세린,80,NOT_AVAILABLE,NOT_AVAILABLE,"prize=93047500,wins=0,paid=10,played=21",NOT_AVAILABLE,3,SEASON_SUMMARY_ONLY
조혜림,81,NOT_AVAILABLE,NOT_AVAILABLE,"prize=90921190,wins=0,paid=12,played=25",NOT_AVAILABLE,3,SEASON_SUMMARY_ONLY
황유나,82,NOT_AVAILABLE,NOT_AVAILABLE,"prize=88711964,wins=0,paid=12,played=24",NOT_AVAILABLE,3,SEASON_SUMMARY_ONLY
박단유,83,NOT_AVAILABLE,NOT_AVAILABLE,"prize=84900000,wins=0,paid=11,played=24",NOT_AVAILABLE,3,SEASON_SUMMARY_ONLY
성은정,84,NOT_AVAILABLE,NOT_AVAILABLE,"prize=81536051,wins=0,paid=11,played=22",NOT_AVAILABLE,3,SEASON_SUMMARY_ONLY
황민정,85,NOT_AVAILABLE,NOT_AVAILABLE,"prize=80580000,wins=0,paid=11,played=22",NOT_AVAILABLE,3,SEASON_SUMMARY_ONLY
안송이,86,NOT_AVAILABLE,NOT_AVAILABLE,"prize=79550000,wins=0,paid=11,played=23",NOT_AVAILABLE,3,SEASON_SUMMARY_ONLY
이세영,87,NOT_AVAILABLE,NOT_AVAILABLE,"prize=66285000,wins=0,paid=10,played=23",NOT_AVAILABLE,3,SEASON_SUMMARY_ONLY
양효리,88,NOT_AVAILABLE,NOT_AVAILABLE,"prize=65901765,wins=0,paid=9,played=21",NOT_AVAILABLE,3,SEASON_SUMMARY_ONLY
이서윤4,89,NOT_AVAILABLE,NOT_AVAILABLE,"prize=64810000,wins=0,paid=11,played=22",NOT_AVAILABLE,3,SEASON_SUMMARY_ONLY
리 슈잉,90,NOT_AVAILABLE,NOT_AVAILABLE,"prize=64505098,wins=0,paid=9,played=24",NOT_AVAILABLE,3,SEASON_SUMMARY_ONLY
정수빈,91,NOT_AVAILABLE,NOT_AVAILABLE,"prize=62716667,wins=0,paid=8,played=21",NOT_AVAILABLE,3,SEASON_SUMMARY_ONLY
전승희,92,NOT_AVAILABLE,NOT_AVAILABLE,"prize=60993333,wins=0,paid=7,played=12",NOT_AVAILABLE,3,SEASON_SUMMARY_ONLY
구래현,93,NOT_AVAILABLE,NOT_AVAILABLE,"prize=60635000,wins=0,paid=10,played=22",NOT_AVAILABLE,3,SEASON_SUMMARY_ONLY
김아현,94,NOT_AVAILABLE,NOT_AVAILABLE,"prize=58230000,wins=0,paid=9,played=24",NOT_AVAILABLE,3,SEASON_SUMMARY_ONLY
이소영,95,NOT_AVAILABLE,NOT_AVAILABLE,"prize=56741250,wins=0,paid=8,played=24",NOT_AVAILABLE,3,SEASON_SUMMARY_ONLY
김효문,96,NOT_AVAILABLE,NOT_AVAILABLE,"prize=56445000,wins=0,paid=8,played=19",NOT_AVAILABLE,3,SEASON_SUMMARY_ONLY
고은혜,97,NOT_AVAILABLE,NOT_AVAILABLE,"prize=55666667,wins=0,paid=6,played=10",NOT_AVAILABLE,3,SEASON_SUMMARY_ONLY
서연정,98,NOT_AVAILABLE,NOT_AVAILABLE,"prize=55528000,wins=0,paid=7,played=13",NOT_AVAILABLE,3,SEASON_SUMMARY_ONLY
윤화영,99,NOT_AVAILABLE,NOT_AVAILABLE,"prize=50285000,wins=0,paid=8,played=24",NOT_AVAILABLE,3,SEASON_SUMMARY_ONLY
노원경,100,NOT_AVAILABLE,NOT_AVAILABLE,"prize=49818333,wins=0,paid=8,played=24",NOT_AVAILABLE,3,SEASON_SUMMARY_ONLY
오경은,101,NOT_AVAILABLE,NOT_AVAILABLE,"prize=46803571,wins=0,paid=6,played=14",NOT_AVAILABLE,3,SEASON_SUMMARY_ONLY
김리안,102,NOT_AVAILABLE,NOT_AVAILABLE,"prize=46672500,wins=0,paid=6,played=21",NOT_AVAILABLE,3,SEASON_SUMMARY_ONLY
황정미,103,NOT_AVAILABLE,NOT_AVAILABLE,"prize=44795000,wins=0,paid=7,played=22",NOT_AVAILABLE,3,SEASON_SUMMARY_ONLY
장수연,104,NOT_AVAILABLE,NOT_AVAILABLE,"prize=39250000,wins=0,paid=6,played=16",NOT_AVAILABLE,3,SEASON_SUMMARY_ONLY
안선주,105,NOT_AVAILABLE,NOT_AVAILABLE,"prize=37220000,wins=0,paid=7,played=18",NOT_AVAILABLE,3,SEASON_SUMMARY_ONLY
이지민,106,NOT_AVAILABLE,NOT_AVAILABLE,"prize=35930000,wins=0,paid=5,played=23",NOT_AVAILABLE,3,SEASON_SUMMARY_ONLY
강민진,107,NOT_AVAILABLE,NOT_AVAILABLE,"prize=35575000,wins=0,paid=6,played=11",NOT_AVAILABLE,3,SEASON_SUMMARY_ONLY
이정민,108,NOT_AVAILABLE,NOT_AVAILABLE,"prize=34921765,wins=0,paid=6,played=17",NOT_AVAILABLE,3,SEASON_SUMMARY_ONLY
허윤서,109,NOT_AVAILABLE,NOT_AVAILABLE,"prize=33258333,wins=0,paid=5,played=10",NOT_AVAILABLE,3,SEASON_SUMMARY_ONLY
강가율,110,NOT_AVAILABLE,NOT_AVAILABLE,"prize=26095000,wins=0,paid=4,played=25",NOT_AVAILABLE,3,SEASON_SUMMARY_ONLY
배수연,111,NOT_AVAILABLE,NOT_AVAILABLE,"prize=24861765,wins=0,paid=4,played=20",NOT_AVAILABLE,3,SEASON_SUMMARY_ONLY
이윤서,112,NOT_AVAILABLE,NOT_AVAILABLE,"prize=19535000,wins=0,paid=3,played=22",NOT_AVAILABLE,3,SEASON_SUMMARY_ONLY
조정민,113,NOT_AVAILABLE,NOT_AVAILABLE,"prize=19305000,wins=0,paid=4,played=24",NOT_AVAILABLE,3,SEASON_SUMMARY_ONLY
양서후,114,NOT_AVAILABLE,NOT_AVAILABLE,"prize=15100000,wins=0,paid=2,played=23",NOT_AVAILABLE,3,SEASON_SUMMARY_ONLY
이슬기2,115,NOT_AVAILABLE,NOT_AVAILABLE,"prize=13100000,wins=0,paid=2,played=22",NOT_AVAILABLE,3,SEASON_SUMMARY_ONLY
김지영2,116,NOT_AVAILABLE,NOT_AVAILABLE,"prize=11870000,wins=0,paid=2,played=22",NOT_AVAILABLE,3,SEASON_SUMMARY_ONLY
유다겸(I),117,NOT_AVAILABLE,NOT_AVAILABLE,"prize=11400000,wins=0,paid=2,played=16",NOT_AVAILABLE,3,SEASON_SUMMARY_ONLY
클레어 신(I),118,NOT_AVAILABLE,NOT_AVAILABLE,"prize=11375000,wins=0,paid=2,played=11",NOT_AVAILABLE,3,SEASON_SUMMARY_ONLY
조은채,119,NOT_AVAILABLE,NOT_AVAILABLE,"prize=11050000,wins=0,paid=2,played=23",NOT_AVAILABLE,3,SEASON_SUMMARY_ONLY
김희지,120,NOT_AVAILABLE,NOT_AVAILABLE,"prize=11010000,wins=0,paid=2,played=24",NOT_AVAILABLE,3,SEASON_SUMMARY_ONLY
황연서,121,NOT_AVAILABLE,NOT_AVAILABLE,"prize=4500000,wins=0,paid=2,played=9",NOT_AVAILABLE,3,SEASON_SUMMARY_ONLY
