player,player_code,current_rank,current_money,median_final_rank,prob_top60,prob_61_65,prob_66plus
임희정,9145,40,232867976,42.0,1.0,0.0,0.0
김민별,10002,41,209393571,45.0,1.0,0.0,0.0
이승연,8859,42,203868810,46.0,1.0,0.0,0.0
송은아,11057,43,202751666,46.0,1.0,0.0,0.0
정소이,9765,44,201162857,47.0,1.0,0.0,0.0
이율린,9759,45,195845000,48.0,1.0,0.0,0.0
이가영,8883,46,194187717,49.0,1.0,0.0,0.0
배소현,8589,47,192666607,49.0,1.0,0.0,0.0
최가빈,9391,48,190277955,50.0,1.0,0.0,0.0
홍현지,11042,49,173641764,53.0,0.9861,0.0138,0.0
정윤지,9820,50,171702857,54.0,0.9757,0.0242,0.0001
윤수아,9990,51,170715357,54.0,0.9674,0.0324,0.0002
김지수,9000,52,168571765,55.0,0.9468,0.0528,0.0004
이채은2,8811,53,167120536,55.0,0.9255,0.0737,0.0008
김가희2,10726,54,165204523,56.0,0.8928,0.1058,0.0014
마서영,10083,55,164138333,58.0,0.7614,0.2317,0.007
지한솔,1521,56,162531765,59.0,0.6981,0.2875,0.0144
김지윤2,11216,57,154330000,61.0,0.4087,0.4661,0.1252
안재희,11060,58,147941051,62.0,0.3914,0.4126,0.196
조아연,8770,59,147340000,62.0,0.3679,0.4113,0.2209
김새로미,8380,60,147312262,62.0,0.3595,0.4103,0.2302
한아름,11447,61,146194643,63.0,0.3281,0.4019,0.2699
한지원,9483,62,144250000,64.0,0.281,0.3803,0.3387
최정원,11073,63,142181250,64.0,0.244,0.3486,0.4074
김우정,8838,64,140947857,65.0,0.219,0.3214,0.4596
마다솜,9401,65,138882523,66.0,0.1925,0.2736,0.5339
홍정민,9750,66,134968333,67.0,0.161,0.1935,0.6455
최민경,8277,67,129244285,69.0,0.1298,0.105,0.7652
박결,9183,68,125776429,70.0,0.1159,0.0689,0.8151
홍지원,9705,69,125517143,70.0,0.1121,0.0655,0.8224
김소정,9089,70,123000000,71.0,0.1048,0.049,0.8461
김나현2,9752,71,120950000,73.0,0.0704,0.0188,0.9107
이재윤,9708,72,118499643,74.0,0.0665,0.0147,0.9187
김서윤2,9807,73,115551250,75.0,0.0644,0.014,0.9216
김하은2,10790,74,113178333,76.0,0.0614,0.0117,0.927
유지나,9714,75,112322143,76.0,0.0572,0.0119,0.9309
이주미,8234,76,109730000,77.0,0.0555,0.0107,0.9338
손예빈,10022,77,96270000,81.0,0.0474,0.0083,0.9443
왕 즈쉬엔,13502,78,94440715,82.0,0.0457,0.0076,0.9467
박서현,9111,79,94024643,82.0,0.0458,0.0071,0.9471
현세린,10531,80,93047500,82.0,0.0437,0.0074,0.9489
조혜림,9136,81,90921190,82.0,0.0565,0.0091,0.9345
황유나,9937,82,88711964,82.0,0.054,0.0093,0.9367
박단유,8318,83,84900000,84.0,0.0497,0.009,0.9413
성은정,8386,84,81536051,85.0,0.0468,0.0089,0.9443
황민정,10727,85,80580000,86.0,0.0458,0.0081,0.9461
안송이,6916,86,79550000,86.0,0.0457,0.0083,0.946
이세영,11040,87,66285000,91.0,0.0372,0.0063,0.9566
양효리,10139,88,65901765,91.0,0.036,0.0057,0.9583
이서윤4,10481,89,64810000,92.0,0.035,0.006,0.9591
리 슈잉,10789,90,64505098,92.0,0.0343,0.0057,0.9599
정수빈,8840,91,62716667,93.0,0.0336,0.0056,0.9608
전승희,11374,92,60993333,93.0,0.0324,0.0056,0.962
구래현,9436,93,60635000,94.0,0.0301,0.0053,0.9645
김아현,9277,94,58230000,95.0,0.0296,0.0052,0.9651
이소영,8246,95,56741250,96.0,0.0281,0.005,0.9669
