match_rank,lie,round,distance_diff_yd,tolerance_tier_yd,player_good,good_final_rank,good_dist,good_first_failure,good_score_to_par,good_outcome,player_bad,bad_final_rank,bad_dist,bad_first_failure,bad_score_to_par,bad_outcome
1,FAIRWAY,2,0.0,5,윤수아,37,127.8,NONE,0,PAR,박현경,,127.8,APPROACH_MISS_TO_PENALTY_AREA,2,DOUBLE+
2,FAIRWAY,2,0.1,5,서어진,5,132.9,APPROACH_MISS_TO_ROUGH,0,PAR,이다연,5,133.0,APPROACH_MISS_TO_PENALTY_AREA,2,DOUBLE+
3,FAIRWAY,1,0.2,5,한진선,37,164.4,NONE,-1,BIRDIE+,장은수,57,164.6,APPROACH_MISS_TO_ROUGH,1,BOGEY
4,FAIRWAY,2,0.2,5,노원경,,133.2,NONE,0,PAR,이다연,5,133.0,APPROACH_MISS_TO_PENALTY_AREA,2,DOUBLE+
5,FAIRWAY,1,0.3,5,이승연,27,153.4,APPROACH_MISS_TO_FRINGE,0,PAR,김하은2,40,153.7,APPROACH_MISS_TO_ROUGH,2,DOUBLE+
6,FAIRWAY,1,0.3,5,서어진,5,153.4,NONE,0,PAR,김하은2,40,153.7,APPROACH_MISS_TO_ROUGH,2,DOUBLE+
7,FAIRWAY,2,0.3,5,홍지원,40,131.2,APPROACH_MISS_TO_FRINGE,0,PAR,안재희,59,131.5,APPROACH_MISS_TO_PENALTY_AREA,2,DOUBLE+
8,FAIRWAY,2,0.3,5,노원경,,133.2,NONE,0,PAR,이가영,,133.5,APPROACH_MISS_TO_PENALTY_AREA,2,DOUBLE+
9,FAIRWAY,3,0.3,5,현세린,14,132.4,NONE,-1,BIRDIE+,이승연,27,132.1,PUTTING_LOSS_3PLUS,1,BOGEY
10,ROUGH,1,0.3,5,전예성,16,180.2,TEE_ROUGH,0,PAR,조하리,,180.5,TEE_ROUGH,2,DOUBLE+
11,ROUGH,1,0.3,5,이지현3,4,154.6,TEE_ROUGH,0,PAR,최가빈,,154.9,TEE_ROUGH,2,DOUBLE+
12,ROUGH,2,0.3,5,최은우,24,141.2,TEE_ROUGH,0,PAR,구래현,,140.9,TEE_ROUGH,3,DOUBLE+
13,FAIRWAY,1,0.4,5,박현경,,166.8,APPROACH_MISS_TO_FRINGE,-1,BIRDIE+,정수빈,,166.4,APPROACH_MISS_TO_ROUGH,1,BOGEY
14,FAIRWAY,2,0.4,5,이서윤4,53,130.4,APPROACH_MISS_TO_ROUGH,0,PAR,안지현,27,130.0,APPROACH_MISS_TO_PENALTY_AREA,2,DOUBLE+
15,FAIRWAY,2,0.4,5,이채은2,,130.4,NONE,0,PAR,안지현,27,130.0,APPROACH_MISS_TO_PENALTY_AREA,2,DOUBLE+
16,FAIRWAY,2,0.5,5,유서연2,9,134.0,NONE,0,PAR,이가영,,133.5,APPROACH_MISS_TO_PENALTY_AREA,2,DOUBLE+
17,FAIRWAY,2,0.5,5,이지민,,128.3,NONE,0,PAR,박현경,,127.8,APPROACH_MISS_TO_PENALTY_AREA,2,DOUBLE+
18,ROUGH,2,0.5,5,양서후,,150.8,TEE_ROUGH,0,PAR,조혜림,,150.3,TEE_ROUGH,4,DOUBLE+
19,FAIRWAY,1,0.6,5,강가율,,163.0,NONE,-1,BIRDIE+,황유나,,162.4,PUTTING_LOSS_3PLUS,1,BOGEY
20,FAIRWAY,2,0.6,5,이승연,27,121.4,NONE,-1,BIRDIE+,양효진,,120.8,PUTTING_LOSS_3PLUS,1,BOGEY
21,FAIRWAY,2,0.6,5,서어진,5,132.9,APPROACH_MISS_TO_ROUGH,0,PAR,이가영,,133.5,APPROACH_MISS_TO_PENALTY_AREA,2,DOUBLE+
22,FAIRWAY,1,0.7,5,신다인,27,139.1,NONE,0,PAR,양효진,,139.8,APPROACH_MISS_TO_PENALTY_AREA,3,DOUBLE+
23,FAIRWAY,2,0.7,5,정윤지,27,132.2,NONE,0,PAR,안재희,59,131.5,APPROACH_MISS_TO_PENALTY_AREA,2,DOUBLE+
24,FAIRWAY,2,0.7,5,김리안,,132.3,APPROACH_MISS_TO_ROUGH,0,PAR,이다연,5,133.0,APPROACH_MISS_TO_PENALTY_AREA,2,DOUBLE+
25,FAIRWAY,2,0.7,5,노승희,16,129.3,NONE,0,PAR,안지현,27,130.0,APPROACH_MISS_TO_PENALTY_AREA,2,DOUBLE+
