player_code,player_name,v1_pre_event_rank,data_status,prior_source,r1_rank,r1_points,r1_total_sg,r1_sg_rank,r1_sg_tee_to_green,r1_sg_off_the_tee,r1_sg_approach,r1_sg_around_green,r1_sg_putting,expected_r2_points,median_r2_points,p10_r2_points,p90_r2_points,expected_cumulative_points_after_r2,make_cut_pct,top20_pct,top10_pct,top5_pct,win_pct,expected_final_points
11134,서교림,1,OK,own_sample,T89,1,-3.14,94,-1.43,0.13,-1.78,0.22,-1.71,5.033,5.0,0.0,11.0,6.033,55.627,24.352,10.705,4.362,0.489,11.632
10725,김민솔,2,OK,own_sample,T3,15,5.1,6,4.64,1.39,3.43,-0.18,0.46,5.056,5.0,-1.0,11.0,20.056,99.975,90.957,74.515,55.51,19.803,30.141
10146,유현조,3,OK,own_sample,T12,12,3.92,13,3.84,2.29,-0.01,1.56,0.08,4.468,4.0,-1.0,10.0,16.468,99.797,78.645,52.212,30.198,5.55,25.384
9130,박현경,4,OK,own_sample,T3,15,5.24,4,2.16,0.48,1.37,0.3,3.08,4.337,4.0,-1.0,9.0,19.337,99.985,88.455,67.12,43.847,10.155,27.98
10097,김민선7,5,OK,own_sample,T3,15,5.31,3,4.53,1.46,2.9,0.17,0.78,4.275,4.0,-1.0,9.0,19.275,99.972,87.782,66.528,43.543,10.308,27.887
10081,김민주,6,OK,own_sample,T12,12,4.56,8,4.61,0.23,4.23,0.15,-0.05,4.23,4.0,-1.0,10.0,16.23,99.632,74.23,47.998,27.428,5.186,24.649
10296,문정민,7,OK,own_sample,T21,10,3.56,15,2.77,0.9,1.58,0.29,0.79,4.114,4.0,-1.0,10.0,14.114,97.887,62.575,36.452,19.113,3.28,22.221
9082,전예성,8,OK,own_sample,T81,2,-1.51,73,-1.42,0.22,-1.86,0.22,-0.09,4.099,4.0,-1.0,9.0,6.099,56.467,18.013,6.25,2.023,0.153,10.708
9784,이예원,9,OK,own_sample,T6,14,5.15,5,1.22,1.39,-0.95,0.78,3.93,4.054,4.0,-1.0,9.0,18.054,99.962,82.33,56.408,33.603,6.503,26.149
8881,성유진,10,OK,own_sample,T8,13,3.29,20,1.02,-1.35,0.94,1.42,2.27,3.906,4.0,-1.0,9.0,16.906,99.807,74.625,48.11,27.522,5.423,24.741
11066,유서연2,11,OK,own_sample,T6,14,4.35,10,0.1,0.68,-1.8,1.22,4.25,3.739,4.0,-1.0,9.0,17.739,99.925,77.8,51.33,29.367,5.395,25.259
10095,방신실,12,OK,own_sample,T21,10,2.3,24,4.34,0.85,3.37,0.13,-2.04,3.737,4.0,-2.0,10.0,13.737,96.982,56.082,31.255,15.843,2.536,20.954
11143,김시현,13,OK,own_sample,T93,0,-3.8,99,-1.67,-3.43,2.33,-0.56,-2.14,3.656,4.0,-2.0,9.0,3.656,34.212,8.798,2.968,0.925,0.058,6.185
8284,최예림,14,OK,own_sample,T98,-1,-3.73,98,2.77,0.04,2.64,0.09,-6.5,3.617,3.0,-1.0,9.0,2.617,24.315,5.132,1.39,0.338,0.023,4.384
9449,이지현3,15,OK,own_sample,T74,3,-0.72,64,0.85,0.04,0.64,0.17,-1.57,3.423,3.0,-2.0,9.0,6.423,59.93,15.127,4.67,1.418,0.095,10.52
8243,장은수,16,OK,own_sample,T29,8,2.5,22,2.86,1.07,0.23,1.56,-0.36,3.256,3.0,-2.0,8.0,11.256,93.885,36.763,14.577,5.452,0.528,17.351
9113,노승희,17,OK,own_sample,T33,7,0.15,53,0.06,-2.32,2.39,-0.01,0.09,3.204,3.0,-2.0,8.0,10.204,89.905,30.1,10.965,3.723,0.25,15.934
9135,신다인,18,OK,own_sample,T12,12,3.5,16,0.57,-0.03,-0.11,0.71,2.93,3.173,3.0,-2.0,8.0,15.173,99.29,58.508,31.045,14.465,1.898,21.43
8300,김수지,19,OK,own_sample,T8,13,4.14,12,2.45,0.43,1.49,0.53,1.69,3.182,3.0,-2.0,8.0,16.182,99.838,64.713,35.217,16.618,2.251,22.504
9426,한진선,20,OK,own_sample,T33,7,0.93,46,1.62,-0.36,1.11,0.88,-0.69,3.158,3.0,-2.0,9.0,10.158,88.297,30.703,12.037,4.513,0.394,15.744
11770,짜라위 분짠(I),21,OK,own_sample,T74,3,-0.61,62,0.17,0.87,-0.62,-0.09,-0.78,3.085,3.0,-2.0,8.0,6.085,56.557,12.165,3.453,1.03,0.059,9.589
9431,박보겸,22,OK,own_sample,T45,6,-0.21,58,1.53,0.82,0.87,-0.16,-1.74,2.901,3.0,-2.0,8.0,8.901,79.918,23.098,8.395,2.99,0.265,13.489
9134,서어진,23,OK,own_sample,T8,13,4.17,11,3.41,0.07,1.53,1.81,0.76,2.875,3.0,-2.0,8.0,15.875,99.752,59.635,30.743,13.963,1.754,21.636
9820,정윤지,24,OK,own_sample,T33,7,1.67,31,0.71,0.48,-0.31,0.53,0.96,2.871,3.0,-2.0,8.0,9.871,87.277,26.24,9.197,3.127,0.267,14.859
10112,고지우,25,OK,own_sample,T21,10,1.72,29,0.64,-1.68,2.64,-0.33,1.08,2.796,3.0,-3.0,9.0,12.796,95.072,42.052,20.345,9.382,1.315,18.148
1521,지한솔,26,OK,own_sample,T18,11,3.09,21,-0.13,-0.14,-0.73,0.74,3.22,2.807,3.0,-2.0,8.0,13.807,98.41,47.077,20.917,8.532,0.847,19.347
1485,빳차라쭈타 콩끄라판(I),27,OK,own_sample,T12,12,4.6,7,2.07,0.87,1.34,-0.14,2.54,2.776,3.0,-2.0,8.0,14.776,99.348,51.897,25.092,11.067,1.354,20.318
10577,최예본,28,OK,own_sample,T1,16,5.61,2,4.84,0.98,3.86,0,0.77,2.72,3.0,-2.0,8.0,18.721,99.96,72.442,45.017,24.71,4.382,24.148
8883,이가영,29,OK,own_sample,T105,-4,-9.06,108,-7.15,-0.3,-2.02,-4.84,-1.9,2.688,3.0,-2.0,8.0,-1.312,5.603,0.633,0.122,0.028,0.0,-1.009
10586,홍진영2,30,OK,own_sample,T12,12,3.68,14,1.08,0.6,0.69,-0.21,2.6,2.624,3.0,-2.0,8.0,14.624,99.208,49.587,22.78,9.398,0.999,19.866
9465,안지현,31,OK,own_sample,T33,7,0.9,47,-1.98,-0.24,-0.35,-1.39,2.88,2.656,3.0,-2.0,8.0,9.656,86.275,22.923,7.61,2.538,0.198,14.198
10109,고지원,32,OK,own_sample,T89,1,-3.82,100,-3.51,-1.72,-1.51,-0.28,-0.32,2.623,3.0,-2.0,8.0,3.623,32.802,4.678,1.05,0.283,0.012,5.344
9401,마다솜,33,OK,own_sample,T33,7,1.09,44,-1.09,-1.11,0.16,-0.14,2.18,2.577,3.0,-3.0,8.0,9.577,83.613,24.04,8.953,3.205,0.26,13.873
11057,송은아,34,OK,own_sample,T26,9,1.33,34,3.59,1.65,2.34,-0.4,-2.26,2.551,3.0,-3.0,8.0,11.551,92.968,32.505,12.813,4.773,0.469,16.254
9652,이세희,35,OK,own_sample,T29,8,1.98,28,-1.62,-0.45,-0.23,-0.95,3.6,2.526,2.0,-3.0,8.0,10.526,90.488,26.26,9.155,3.137,0.241,15.119
10002,김민별,36,OK,own_sample,T45,6,1.23,37,0.18,0.64,-0.39,-0.07,1.05,2.512,2.0,-3.0,8.0,8.512,77.603,18.495,5.9,1.84,0.135,12.391
9235,최은우,37,OK,own_sample,T74,3,-2.31,88,-0.1,0.35,-0.52,0.07,-2.21,2.469,2.0,-2.0,7.0,5.469,50.145,6.305,1.403,0.322,0.011,7.935
9990,윤수아,38,OK,own_sample,T56,5,-0.75,65,0.78,0.95,1.08,-1.25,-1.53,2.456,2.0,-3.0,8.0,7.456,70.04,13.337,3.642,1.078,0.061,10.934
11042,홍현지,39,OK,own_sample,T33,7,1.28,36,2.2,0.71,0.98,0.51,-0.93,2.441,2.0,-2.0,7.0,9.441,85.727,20.603,6.383,1.935,0.132,13.72
8811,이채은2,40,OK,own_sample,T74,3,-0.55,60,1.65,1.36,-0.3,0.59,-2.2,2.418,2.0,-2.0,7.0,5.418,50.092,6.853,1.508,0.357,0.019,7.834
9487,김재희,41,OK,own_sample,T33,7,1.49,32,1.87,1.04,1.49,-0.66,-0.38,2.408,2.0,-3.0,8.0,9.408,83.075,21.51,7.627,2.592,0.173,13.405
8589,배소현,42,OK,own_sample,T29,8,2.06,26,2.29,1.62,-0.54,1.21,-0.23,2.371,2.0,-3.0,8.0,10.371,88.775,25.1,8.88,3.107,0.271,14.593
9145,임희정,43,OK,own_sample,T45,6,-0.04,56,0.46,-0.13,0.8,-0.21,-0.5,2.311,2.0,-3.0,7.0,8.311,77.313,14.777,4.082,1.16,0.084,11.857
10726,김가희2,44,OK,own_sample,T33,7,1.14,40,1.7,0.8,0.05,0.86,-0.56,2.27,2.0,-3.0,8.0,9.27,83.315,18.912,5.905,1.793,0.109,12.974
10083,마서영,45,OK,own_sample,T56,5,0.22,51,0.12,0.6,-1.02,0.54,0.1,2.15,2.0,-3.0,7.0,7.15,67.397,10.995,2.857,0.845,0.038,10.093
11447,한아름,46,OK,own_sample,T1,16,6.47,1,1.69,-0.3,2.35,-0.35,4.78,2.174,2.0,-3.0,8.0,18.174,99.867,63.34,36.562,19.072,3.138,22.444
9391,최가빈,47,OK,own_sample,T12,12,3.38,17,1.17,0.33,1.98,-1.14,2.22,2.1,2.0,-3.0,7.0,14.1,98.798,40.498,17.07,6.833,0.697,18.268
8859,이승연,48,OK,own_sample,T18,11,2.29,25,0.65,1.1,0.48,-0.93,1.64,2.104,2.0,-3.0,7.0,13.104,97.763,35.148,13.19,4.7,0.395,17.25
11056,박예지,49,OK,own_sample,T56,5,-0.1,57,-0.07,0.65,-1.18,0.46,-0.04,2.109,2.0,-3.0,8.0,7.109,66.403,11.52,3.313,0.982,0.065,9.896
11073,최정원,50,OK,own_sample,T93,0,-3.61,96,-4.29,0.43,-2.56,-2.15,0.67,1.908,2.0,-3.0,7.0,1.908,19.563,1.855,0.422,0.097,0.003,2.662
9765,정소이,51,OK,own_sample,T98,-1,-5.06,103,-2.48,0.34,-2,-0.82,-2.57,1.881,2.0,-3.0,7.0,0.881,13.407,0.965,0.17,0.027,0.0,1.371
8277,최민경,52,OK,own_sample,T33,7,0.05,55,-2.3,-1.55,0.3,-1.05,2.35,1.819,2.0,-3.0,7.0,8.819,80.68,14.16,4.073,1.203,0.089,11.732
9705,홍지원,53,OK,own_sample,T89,1,-1.36,72,-0.29,-0.11,0,-0.17,-1.07,1.818,2.0,-3.0,7.0,2.818,24.85,1.893,0.328,0.067,0.001,3.715
8380,김새로미,54,OK,own_sample,T29,8,1.29,35,2.38,0.53,1.36,0.49,-1.1,1.79,2.0,-3.0,7.0,9.79,86.307,17.75,5.515,1.797,0.124,12.9
10138,임진영,55,OK,own_sample,T45,6,1.04,45,1.84,0.81,0.15,0.88,-0.8,1.78,2.0,-3.0,7.0,7.78,72.105,11.212,3.155,0.918,0.065,10.291
10790,김하은2,56,OK,own_sample,T8,13,4.39,9,0.65,0.28,0.22,0.15,3.74,1.716,2.0,-4.0,7.0,14.716,98.415,40.42,18.338,7.963,1.016,18.074
9389,전우리,57,OK,own_sample,T74,3,-0.8,66,1.02,1.17,0.16,-0.3,-1.83,1.677,2.0,-3.0,7.0,4.677,42.642,4.0,0.833,0.19,0.006,6.147
8234,이주미,58,OK,own_sample,T26,9,1.18,39,-1.14,0.1,0.05,-1.28,2.32,1.685,2.0,-3.0,7.0,10.685,91.455,19.77,6.087,1.915,0.129,13.811
9000,김지수,59,OK,own_sample,T65,4,-1.74,79,-0.26,-0.89,1.72,-1.09,-1.48,1.532,1.0,-3.0,6.0,5.532,51.34,4.355,0.85,0.178,0.006,7.128
9752,김나현2,60,OK,own_sample,T105,-4,-7.78,107,-5.46,-1.38,-5.02,0.95,-2.32,1.533,1.0,-4.0,8.0,-2.467,5.188,0.502,0.125,0.04,0.002,-2.313
11060,안재희,61,OK,own_sample,T65,4,-0.62,63,1.37,1.25,0.47,-0.35,-1.99,1.4,1.0,-4.0,7.0,5.4,50.128,5.267,1.303,0.342,0.02,6.84
9708,이재윤,62,OK,own_sample,T56,5,0.17,52,-0.32,1.37,-1.57,-0.12,0.49,1.374,1.0,-4.0,7.0,6.374,59.538,6.613,1.57,0.42,0.026,7.985
9136,조혜림,63,OK,own_sample,T21,10,3.37,19,2.29,0.5,0.17,1.62,1.08,1.274,1.0,-4.0,6.0,11.274,93.627,19.0,5.777,1.715,0.115,13.714
8838,김우정,64,OK,own_sample,T93,0,-2.29,86,-1.78,-0.84,-0.96,0.03,-0.51,1.287,1.0,-4.0,6.0,1.287,15.148,0.703,0.107,0.018,0.0,1.679
9483,한지원,65,OK,own_sample,T45,6,-1.06,69,-0.78,-0.55,-0.24,0.01,-0.28,1.215,1.0,-4.0,6.0,7.215,67.617,7.04,1.682,0.415,0.022,8.89
10022,손예빈,66,OK,own_sample,T65,4,-1.68,75,-0.1,-0.5,-1.69,2.09,-1.58,1.228,1.0,-5.0,7.0,5.228,48.817,6.038,1.76,0.527,0.032,6.432
8386,성은정,67,OK,own_sample,T45,6,1.13,43,0.09,-0.29,-0.23,0.61,1.04,1.173,1.0,-5.0,7.0,7.173,65.957,9.013,2.54,0.79,0.057,8.695
10139,양효리,68,OK,own_sample,T93,0,-3.11,93,-3.27,-0.02,-2.52,-0.73,0.16,1.121,1.0,-4.0,6.0,1.121,15.135,0.722,0.138,0.028,0.0,1.444
9714,유지나,69,OK,own_sample,T56,5,-1.66,74,-2.51,-2.13,0.33,-0.71,0.85,1.059,1.0,-4.0,6.0,6.059,56.297,4.832,1.105,0.262,0.012,7.31
9937,황유나,70,OK,own_sample,T93,0,-3.07,92,0.8,-0.22,0.64,0.38,-3.87,1.02,1.0,-4.0,6.0,1.02,14.483,0.717,0.103,0.013,0.003,1.33
8770,조아연,71,OK,own_sample,T18,11,2.01,27,1.18,0.49,-1.16,1.85,0.83,0.968,1.0,-4.0,6.0,11.968,95.807,19.207,5.783,1.743,0.108,13.863
9089,김소정,72,OK,own_sample,T33,7,1.45,33,2.13,0.15,0.42,1.56,-0.68,0.956,1.0,-4.0,6.0,7.956,73.577,8.133,2.078,0.575,0.038,9.351
9759,이율린,73,OK,own_sample,T65,4,-0.58,61,0.39,0.7,1.32,-1.63,-0.97,0.913,1.0,-5.0,7.0,4.913,45.935,4.377,1.17,0.333,0.012,5.728
9111,박서현,74,OK,own_sample,T74,3,-1.69,76,-0.95,-0.23,-0.57,-0.15,-0.75,0.791,1.0,-4.0,6.0,3.791,34.938,1.767,0.3,0.057,0.002,4.326
11216,김지윤2,75,OK,own_sample,T45,6,1.21,38,1.66,0.44,1.92,-0.7,-0.45,0.783,1.0,-4.0,6.0,6.783,63.445,5.01,1.082,0.237,0.007,7.788
10727,황민정,76,OK,own_sample,T56,5,-1.25,71,-3.8,-0.58,-3.85,0.63,2.54,0.725,1.0,-4.0,6.0,5.725,53.315,3.292,0.67,0.163,0.006,6.507
10821,유아현,77,OK,own_sample,T98,-1,-4.55,102,-2.63,0.1,-1.23,-1.51,-1.92,0.698,1.0,-4.0,6.0,-0.302,8.29,0.257,0.03,0.008,0.0,-0.182
8318,박단유,78,OK,own_sample,T81,2,-1.75,80,-1.96,0,-1.53,-0.44,0.22,0.711,1.0,-4.0,6.0,2.711,24.752,1.042,0.157,0.028,0.002,3.071
6916,안송이,79,OK,own_sample,T81,2,-2.93,91,-1.37,-0.24,-1.72,0.59,-1.56,0.593,1.0,-4.0,6.0,2.593,23.377,0.747,0.108,0.017,0.0,2.871
8271,김효문,80,OK,own_sample,T105,-4,-6.1,104,-2.7,-0.57,-1.82,-0.31,-3.4,0.578,1.0,-5.0,6.0,-3.422,2.118,0.09,0.01,0.002,0.0,-3.394
9183,박결,81,OK,own_sample,T74,3,-1.97,83,-2.27,-0.82,-1.37,-0.08,0.3,0.469,0.0,-4.0,5.0,3.469,30.412,0.927,0.113,0.02,0.001,3.75
9750,홍정민,82,OK,own_sample,T65,4,-0.91,68,-1.38,-0.63,-0.96,0.21,0.47,0.239,0.0,-5.0,6.0,4.239,39.183,1.738,0.305,0.043,0.002,4.422
10531,현세린,83,OK,own_sample,T45,6,0.82,48,1.86,0.81,1.03,0.01,-1.03,0.179,0.0,-5.0,5.0,6.179,58.268,2.502,0.397,0.07,0.003,6.399
8240,황정미,84,OK,own_sample,T65,4,-1.86,81,-4.77,-2.41,-1.88,-0.47,2.91,0.113,0.0,-5.0,5.0,4.113,37.157,1.2,0.175,0.03,0.001,4.19
11040,이세영,85,OK,own_sample,T98,-1,-3.65,97,0.39,0.3,0.39,-0.29,-4.05,0.015,0.0,-6.0,6.0,-0.986,7.668,0.222,0.048,0.013,0.0,-0.996
4905,안선주,86,OK,own_sample,T81,2,-0.82,67,-1.5,-0.5,-1.14,0.13,0.68,-0.133,0.0,-5.0,5.0,1.867,17.323,0.297,0.033,0.0,0.0,1.829
8884,윤화영,87,OK,own_sample,T81,2,-1.72,78,-1.79,-0.58,-1.01,-0.2,0.06,-0.263,0.0,-5.0,5.0,1.737,18.0,0.357,0.053,0.015,0.0,1.641
8246,이소영,88,OK,own_sample,T89,1,-1.95,82,0.48,-0.12,0.41,0.18,-2.43,-0.279,0.0,-6.0,5.0,0.721,14.46,0.415,0.082,0.022,0.001,0.633
9702,김리안,89,OK,own_sample,T81,2,-2.07,84,-0.29,-0.28,-1.35,1.34,-1.78,-0.313,0.0,-5.0,4.0,1.687,16.193,0.222,0.027,0.005,0.0,1.587
9277,김아현,90,OK,own_sample,T65,4,-2.08,85,-1.37,0.02,-1,-0.39,-0.71,-0.466,-1.0,-5.0,5.0,3.534,32.273,0.658,0.073,0.012,0.0,3.251
12038,이지민,91,OK,own_sample,T45,6,-0.29,59,-2.56,-0.42,-2.72,0.58,2.27,-0.684,-1.0,-6.0,4.0,5.316,49.42,1.222,0.202,0.042,0.002,4.649
10481,이서윤4,92,OK,own_sample,T65,4,-2.85,90,-0.74,-1.84,1.08,0.03,-2.11,-0.754,-1.0,-6.0,5.0,3.246,30.832,0.6,0.07,0.022,0.002,2.799
9723,노원경,93,OK,own_sample,T33,7,1.69,30,1.52,-0.41,2.33,-0.4,0.16,-0.806,-1.0,-6.0,5.0,6.194,57.857,2.132,0.42,0.082,0.008,5.248
11640,성아진,94,DATA_LIMITED_THIN_SAMPLE,own_sample,T33,7,1.13,42,1.41,0.64,0.89,-0.13,-0.28,-0.83,-1.0,-6.0,5.0,6.17,57.378,2.323,0.423,0.1,0.006,5.24
10867,양서후,95,OK,own_sample,T56,5,0.5,50,0.33,0.44,-0.29,0.18,0.17,-0.932,-1.0,-6.0,5.0,4.068,38.083,1.085,0.202,0.047,0.002,3.341
9503,이슬기2,96,OK,own_sample,104,-2,-7.41,106,-8.59,-1.12,-7.39,-0.08,1.18,-0.976,-1.0,-7.0,5.0,-2.976,3.037,0.037,0.005,0.0,0.0,-3.031
8355,장수연,97,OK,own_sample,T105,-4,-6.81,105,-3.7,-0.95,-2.41,-0.35,-3.11,-1.089,-1.0,-7.0,4.0,-5.089,0.827,0.008,0.002,0.0,0.0,-5.11
11469,이윤서,98,OK,own_sample,T56,5,-1.09,70,0.4,0.59,1.08,-1.27,-1.49,-1.503,-1.0,-7.0,4.0,3.497,33.762,0.488,0.077,0.018,0.0,2.494
8972,조정민,99,OK,own_sample,T45,6,1.14,41,0.48,-0.19,-1.93,2.6,0.66,-1.775,-2.0,-7.0,3.0,4.225,38.822,0.315,0.038,0.003,0.0,2.853
8840,정수빈,100,OK,own_sample,T98,-1,-4.23,101,-0.63,-0.99,0.36,0.01,-3.6,-1.803,-2.0,-7.0,4.0,-2.803,3.473,0.022,0.003,0.0,0.0,-2.93
10178,김희지,101,OK,own_sample,T21,10,3.37,18,1.65,-1.3,2.29,0.67,1.72,-1.967,-2.0,-8.0,4.0,8.033,73.81,1.995,0.353,0.062,0.001,5.181
9174,강가율,102,OK,own_sample,T81,2,-2.32,89,-0.97,-0.34,-2.04,1.4,-1.36,-2.035,-2.0,-7.0,3.0,-0.035,9.662,0.033,0.002,0.0,0.0,-0.419
8430,조은채,103,OK,own_sample,T81,2,-1.69,77,-1.34,-0.75,0.55,-1.13,-0.36,-2.672,-3.0,-8.0,3.0,-0.672,8.382,0.03,0.005,0.0,0.0,-1.114
10789,리 슈잉,104,OK,own_sample,T45,6,0.05,54,-1.38,0.08,0.74,-2.2,1.44,-3.075,-3.0,-9.0,3.0,2.925,30.285,0.2,0.015,0.002,0.0,1.063
8434,김지영2,105,OK,own_sample,T65,4,-2.3,87,-5.68,-2.22,-3.78,0.32,3.38,-4.012,-4.0,-10.0,2.0,-0.012,12.202,0.018,0.002,0.0,0.0,-0.982
12069,박조은 0806(A),106,DATA_LIMITED_THIN_SAMPLE,own_sample,T26,9,2.46,23,0.98,0.49,1.59,-1.11,1.48,-8.508,-8.0,-13.0,-5.0,0.492,5.285,0.0,0.0,0.0,0.0,-0.4
11426,김민서3,,DATA_LIMITED_NO_PRIOR_DATA,field_neutral_prior,T98,-1,-3.36,95,-2.08,0.39,-0.28,-2.19,-1.28,1.83,2.0,-3.0,7.0,0.83,13.892,1.132,0.203,0.05,0.0,1.337
12472,이지유 0901(A),,DATA_LIMITED_NO_PRIOR_DATA,field_neutral_prior,T56,5,0.58,49,1.07,-0.99,1.21,0.85,-0.49,1.857,2.0,-3.0,7.0,6.857,64.173,9.098,2.397,0.62,0.04,9.206
