주차,발행일,요일,시각,형식,번호,기둥,제목안,썸네일문구,목표길이(분),목표검색어,원본,상태
W1,2026-09-12,토,20:00,롱폼,L01,P1,매달 하던 정산표 정리를 자동화했습니다 — 전 과정,주5시간 절감,16,엑셀 정산 자동화,,미착수
W1,2026-09-12,토,20:00,롱폼,L02,P2,"AI 자동화 도구 3종, 같은 작업 시켜봤습니다",3종 실측,13,AI 업무 자동화 도구 비교,,미착수
W1,2026-09-12,토,20:00,롱폼,L03,P3,그대로 복사해 쓰는 업무 자동화 설정 5개,복붙 5개,10,업무 자동화 템플릿,,미착수
W1,2026-09-14,월,12:30,숏폼,S01,파생,결과 컷 — L01 발췌,-,0.7,-,L01,미착수
W1,2026-09-15,화,12:30,숏폼,S02,파생,실패 컷 — L02 발췌,-,0.7,-,L02,미착수
W1,2026-09-15,화,20:00,롱폼,L04,P1,고객 문의 1차 응대를 AI에 넘긴 전 과정 (실패 포함),응대 자동화,17,고객 문의 자동응답 만들기,,미착수
W1,2026-09-16,수,12:30,숏폼,S03,파생,판정 컷 — L03 발췌,-,0.7,-,L03,미착수
W1,2026-09-17,목,12:30,숏폼,S04,파생,팁 컷 — L01 발췌,-,0.7,-,L01,미착수
W1,2026-09-17,목,20:00,롱폼,L05,P2,업무 자동화 30일 써보고 끈 기능 3가지,결국 껐다,12,업무 자동화 후기,,미착수
W1,2026-09-18,금,12:30,숏폼,S05,파생,수치 컷 — L02 발췌,-,0.7,-,L02,미착수
W2,2026-09-19,토,20:00,롱폼,L06,P3,"1인 사업자 첫 자동화, 이 순서로 하세요",이 순서로,11,1인 사업자 업무 자동화,,미착수
W2,2026-09-21,월,12:30,숏폼,S06,파생,결과 컷 — L04 발췌,-,0.7,-,L04,미착수
W2,2026-09-22,화,12:30,숏폼,S07,파생,실패 컷 — L05 발췌,-,0.7,-,L05,미착수
W2,2026-09-22,화,20:00,롱폼,L07,P1,영수증 사진에서 회계 정리까지 자동화 구축기,영수증 자동,18,영수증 정리 자동화,,미착수
W2,2026-09-23,수,12:30,숏폼,S08,파생,판정 컷 — L06 발췌,-,0.7,-,L06,미착수
W2,2026-09-24,목,12:30,숏폼,S09,파생,팁 컷 — L04 발췌,-,0.7,-,L04,미착수
W2,2026-09-24,목,20:00,롱폼,L08,P2,유료 결제할 가치 있나 — 30일 실사용 결론,유료? 무료?,13,AI 도구 유료 후기,,미착수
W2,2026-09-25,금,12:30,숏폼,S10,파생,수치 컷 — L05 발췌,-,0.7,-,L05,미착수
W3,2026-09-26,토,20:00,롱폼,L09,P4,"새로 나온 기능, 실무에서 써봤습니다",실무 판정,8,AI 신기능 후기,,미착수
W3,2026-09-28,월,12:30,숏폼,S11,파생,결과 컷 — L07 발췌,-,0.7,-,L07,미착수
W3,2026-09-29,화,12:30,숏폼,S12,파생,실패 컷 — L08 발췌,-,0.7,-,L08,미착수
W3,2026-09-29,화,20:00,롱폼,L10,P1,블로그 글 초안 파이프라인 만들기,초안 자동화,16,블로그 자동 작성,,미착수
W3,2026-09-30,수,12:30,숏폼,S13,파생,판정 컷 — L09 발췌,-,0.7,-,L09,미착수
W3,2026-10-01,목,12:30,숏폼,S14,파생,팁 컷 — L07 발췌,-,0.7,-,L07,미착수
W3,2026-10-01,목,20:00,롱폼,L11,P2,자동화했다가 오히려 일이 늘어난 3가지,일이 늘었다,12,업무 자동화 실패,,미착수
W3,2026-10-02,금,12:30,숏폼,S15,파생,수치 컷 — L08 발췌,-,0.7,-,L08,미착수
W4,2026-10-03,토,20:00,롱폼,L12,P3,견적서 자동 작성 설정 전체 공개,견적 자동,10,견적서 자동화,,미착수
W4,2026-10-05,월,12:30,숏폼,S16,파생,결과 컷 — L10 발췌,-,0.7,-,L10,미착수
W4,2026-10-06,화,12:30,숏폼,S17,파생,실패 컷 — L11 발췌,-,0.7,-,L11,미착수
W4,2026-10-06,화,20:00,롱폼,L13,P1,유튜브 썸네일 자동 생성 시스템 구축,썸네일 자동,17,썸네일 자동 생성,,미착수
W4,2026-10-07,수,12:30,숏폼,S18,파생,판정 컷 — L12 발췌,-,0.7,-,L12,미착수
W4,2026-10-08,목,12:30,숏폼,S19,파생,팁 컷 — L10 발췌,-,0.7,-,L10,미착수
W4,2026-10-08,목,20:00,롱폼,L14,P2,무료로 충분한 경우 / 절대 아닌 경우,무료의 한계,13,AI 도구 무료 유료 차이,,미착수
W4,2026-10-09,금,12:30,숏폼,S20,파생,수치 컷 — L11 발췌,-,0.7,-,L11,미착수
W5,2026-10-10,토,20:00,롱폼,L15,P4,업데이트로 바뀌는 것과 안 바뀌는 것,뭐가 바뀌나,8,AI 업데이트 정리,,미착수
W5,2026-10-12,월,12:30,숏폼,S21,파생,결과 컷 — L13 발췌,-,0.7,-,L13,미착수
W5,2026-10-13,화,12:30,숏폼,S22,파생,실패 컷 — L14 발췌,-,0.7,-,L14,미착수
W5,2026-10-13,화,20:00,롱폼,L16,P1,매일 하던 시장 조사 리포트 자동화,조사 자동화,18,시장조사 자동화,,미착수
W5,2026-10-14,수,12:30,숏폼,S23,파생,판정 컷 — L15 발췌,-,0.7,-,L15,미착수
W5,2026-10-15,목,12:30,숏폼,S24,파생,팁 컷 — L13 발췌,-,0.7,-,L13,미착수
W5,2026-10-15,목,20:00,롱폼,L17,P2,도입 전에 반드시 확인할 5가지,확인 5가지,12,업무 자동화 도입,,미착수
W5,2026-10-16,금,12:30,숏폼,S25,파생,수치 컷 — L14 발췌,-,0.7,-,L14,미착수
W6,2026-10-17,토,20:00,롱폼,L18,P3,회의록에서 실행 항목 자동 추출 설정,회의록 정리,11,회의록 자동 정리,,미착수
W6,2026-10-19,월,12:30,숏폼,S26,파생,결과 컷 — L16 발췌,-,0.7,-,L16,미착수
W6,2026-10-20,화,12:30,숏폼,S27,파생,실패 컷 — L17 발췌,-,0.7,-,L17,미착수
W6,2026-10-20,화,20:00,롱폼,L19,P1,SNS 게시물 예약 파이프라인 만들기,예약 자동화,16,SNS 자동 게시,,미착수
W6,2026-10-21,수,12:30,숏폼,S28,파생,판정 컷 — L18 발췌,-,0.7,-,L18,미착수
W6,2026-10-22,목,12:30,숏폼,S29,파생,팁 컷 — L16 발췌,-,0.7,-,L16,미착수
W6,2026-10-22,목,20:00,롱폼,L20,P2,수동 vs 자동 — 스톱워치로 실측했습니다,수동 vs 자동,13,업무 자동화 시간 절감,,미착수
W6,2026-10-23,금,12:30,숏폼,S30,파생,수치 컷 — L17 발췌,-,0.7,-,L17,미착수
W7,2026-10-24,토,20:00,롱폼,L21,P4,새 도구 나왔길래 실제 업무에 붙여봤습니다,붙여봤다,9,신규 AI 도구,,미착수
W7,2026-10-26,월,12:30,숏폼,S31,파생,결과 컷 — L19 발췌,-,0.7,-,L19,미착수
W7,2026-10-27,화,12:30,숏폼,S32,파생,실패 컷 — L20 발췌,-,0.7,-,L20,미착수
W7,2026-10-27,화,20:00,롱폼,L22,P1,이 채널 제작 공정 전체 공개 (1편),채널 공정,19,유튜브 자동화,,미착수
W7,2026-10-28,수,12:30,숏폼,S33,파생,판정 컷 — L21 발췌,-,0.7,-,L21,미착수
W7,2026-10-29,목,12:30,숏폼,S34,파생,팁 컷 — L19 발췌,-,0.7,-,L19,미착수
W7,2026-10-29,목,20:00,롱폼,L23,P2,6개월 쓰고 해지한 도구들,해지했다,12,AI 도구 해지,,미착수
W7,2026-10-30,금,12:30,숏폼,S35,파생,수치 컷 — L20 발췌,-,0.7,-,L20,미착수
W8,2026-10-31,토,20:00,롱폼,L24,P3,자동화 손익분기점 계산하는 법,손익분기,11,자동화 비용 계산,,미착수
W8,2026-11-02,월,12:30,숏폼,S36,파생,결과 컷 — L22 발췌,-,0.7,-,L22,미착수
W8,2026-11-03,화,12:30,숏폼,S37,파생,실패 컷 — L23 발췌,-,0.7,-,L23,미착수
W8,2026-11-04,수,12:30,숏폼,S38,파생,판정 컷 — L24 발췌,-,0.7,-,L24,미착수
W8,2026-11-05,목,12:30,숏폼,S39,파생,팁 컷 — L22 발췌,-,0.7,-,L22,미착수
W8,2026-11-06,금,12:30,숏폼,S40,파생,수치 컷 — L23 발췌,-,0.7,-,L23,미착수
