start_lie_bucket,end_lie_bucket,count,pct_of_8808,avg_hole_score_to_par,parplus_pct,bogeyplus_pct,doubleplus_pct
FAIRWAY,GREEN,2159,24.51,-0.036,87.82,12.18,1.48
ROUGH,GREEN,1777,20.17,0.398,62.92,37.08,5.46
ROUGH,ROUGH,792,8.99,0.706,45.33,54.67,13.64
FRINGE,GREEN,701,7.96,0.496,58.77,41.23,5.85
FAIRWAY,ROUGH,689,7.82,0.433,59.51,40.49,6.1
FAIRWAY,FAIRWAY,556,6.31,-0.088,89.75,10.25,1.44
ROUGH,FAIRWAY,435,4.94,0.32,63.45,36.55,6.9
FAIRWAY,FRINGE,307,3.49,0.238,74.59,25.41,0.98
ROUGH,FRINGE,257,2.92,0.611,48.25,51.75,8.56
GREENSIDE_BUNKER,GREEN,203,2.3,0.596,43.84,56.16,4.43
FAIRWAY,GREENSIDE_BUNKER,124,1.41,0.774,33.87,66.13,9.68
PENALTY_AREA,LOST_BALL_PENALTY_RESTART,116,1.32,1.94,2.59,97.41,75.86
LOST_BALL_PENALTY_RESTART,GREEN,99,1.12,1.788,3.03,96.97,73.74
ROUGH,GREENSIDE_BUNKER,88,1.0,0.739,38.64,61.36,11.36
BUNKER,FAIRWAY,56,0.64,0.554,53.57,46.43,7.14
LOST_BALL_PENALTY_RESTART,LOST_BALL_PENALTY_RESTART,38,0.43,2.395,0.0,100.0,92.11
BUNKER,GREEN,36,0.41,-0.028,88.89,11.11,2.78
BUNKER,ROUGH,32,0.36,0.781,34.38,65.62,12.5
FRINGE,HOLED,30,0.34,-0.533,93.33,6.67,0.0
LOST_BALL_PENALTY_RESTART,FAIRWAY,30,0.34,2.2,0.0,100.0,86.67
ROUGH,PENALTY_AREA,30,0.34,1.767,6.67,93.33,63.33
FAIRWAY,PENALTY_AREA,30,0.34,1.633,13.33,86.67,60.0
GREENSIDE_BUNKER,FRINGE,28,0.32,1.071,14.29,85.71,14.29
LOST_BALL_PENALTY_RESTART,ROUGH,27,0.31,2.704,3.7,96.3,88.89
ROUGH,LOST_BALL_PENALTY_RESTART,22,0.25,2.227,4.55,95.45,72.73
ROUGH,HOLED,21,0.24,-0.667,95.24,4.76,0.0
GREENSIDE_BUNKER,ROUGH,19,0.22,1.579,5.26,94.74,47.37
BUNKER,FRINGE,17,0.19,0.412,58.82,41.18,0.0
PENALTY_AREA,GREEN,15,0.17,0.533,46.67,53.33,0.0
LOST_BALL_PENALTY_RESTART,FRINGE,13,0.15,2.231,0.0,100.0,76.92
ROUGH,BUNKER,9,0.1,1.0,33.33,66.67,11.11
FAIRWAY,BUNKER,7,0.08,0.143,71.43,28.57,14.29
BUNKER,BUNKER,7,0.08,2.0,0.0,100.0,71.43
GREENSIDE_BUNKER,GREENSIDE_BUNKER,6,0.07,1.167,0.0,100.0,16.67
FRINGE,FRINGE,5,0.06,1.2,0.0,100.0,20.0
FAIRWAY,LOST_BALL_PENALTY_RESTART,5,0.06,2.4,0.0,100.0,80.0
LOST_BALL_PENALTY_RESTART,PENALTY_AREA,4,0.05,3.0,0.0,100.0,75.0
BUNKER,GREENSIDE_BUNKER,4,0.05,0.75,25.0,75.0,0.0
PENALTY_AREA,PENALTY_AREA,3,0.03,3.667,0.0,100.0,100.0
PENALTY_AREA,ROUGH,3,0.03,2.333,0.0,100.0,100.0
PENALTY_AREA,FRINGE,2,0.02,1.5,0.0,100.0,50.0
FAIRWAY,HOLED,2,0.02,-1.5,100.0,0.0,0.0
GREENSIDE_BUNKER,HOLED,2,0.02,-1.0,100.0,0.0,0.0
FRINGE,ROUGH,1,0.01,1.0,0.0,100.0,0.0
GREENSIDE_BUNKER,LOST_BALL_PENALTY_RESTART,1,0.01,3.0,0.0,100.0,100.0
