hole,par,yds,field_n,field_avg_score_to_par,birdie_pct,par_pct,bogey_plus_pct,double_plus_pct,fw_hit_pct,gir_pct,fwmiss_to_gir_pct,fwhit_to_gir_pct,rough_tee_to_gir_pct,girmiss_to_parsave_pct,penalty_rate_pct,n_bad_outcomes,bad_outcome_chain_breakdown,dominant_failure_mode,dominant_pct_of_bad
1,4,402,331,0.369,0.06,0.556,0.384,0.042,0.52,0.45,0.333,0.558,0.356,0.445,0.006,127,"{""TEE"": 74, ""APPROACH"": 34, ""PUTTING"": 17, ""PENALTY"": 2}",TEE-DRIVEN,0.583
2,3,188,331,0.157,0.154,0.634,0.211,0.082,,0.725,,,,0.462,0.094,70,"{""PENALTY"": 31, ""PUTTING"": 20, ""APPROACH"": 18, ""NONE"": 1}",MIXED,0.443
3,4,426,331,0.269,0.054,0.653,0.293,0.03,0.831,0.48,0.286,0.52,0.286,0.5,0.003,97,"{""APPROACH"": 67, ""PUTTING"": 9, ""TEE"": 20, ""PENALTY"": 1}",APPROACH-DRIVEN,0.691
4,5,542,331,0.085,0.142,0.653,0.205,0.018,0.683,0.695,0.61,0.735,0.621,0.495,0.012,68,"{""PUTTING"": 11, ""TEE"": 27, ""APPROACH"": 25, ""PENALTY"": 4, ""NONE"": 1}",MIXED,0.397
5,3,170,331,0.106,0.085,0.737,0.178,0.012,,0.683,,,,0.581,0.003,59,"{""APPROACH"": 43, ""PUTTING"": 15, ""PENALTY"": 1}",APPROACH-DRIVEN,0.729
6,4,410,331,0.32,0.073,0.607,0.32,0.045,0.622,0.444,0.2,0.592,0.208,0.457,0.033,106,"{""APPROACH"": 47, ""PUTTING"": 4, ""PENALTY"": 11, ""TEE"": 44}",MIXED,0.443
7,5,516,331,-0.088,0.224,0.674,0.103,0.027,0.665,0.819,0.73,0.864,0.783,0.567,0.012,34,"{""PUTTING"": 6, ""TEE"": 12, ""APPROACH"": 11, ""PENALTY"": 4, ""NONE"": 1}",MIXED,0.353
8,4,377,331,0.387,0.097,0.559,0.344,0.103,0.568,0.468,0.217,0.66,0.225,0.432,0.124,114,"{""APPROACH"": 18, ""PENALTY"": 38, ""PUTTING"": 9, ""TEE"": 49}",MIXED,0.43
9,4,404,331,0.127,0.127,0.662,0.211,0.042,0.459,0.674,0.542,0.829,0.542,0.481,0.027,70,"{""TEE"": 54, ""PUTTING"": 4, ""PENALTY"": 9, ""APPROACH"": 3}",TEE-DRIVEN,0.771
10,5,570,331,0.278,0.097,0.637,0.266,0.085,0.55,0.538,0.43,0.626,0.464,0.562,0.045,88,"{""TEE"": 46, ""PENALTY"": 15, ""APPROACH"": 18, ""NONE"": 2, ""PUTTING"": 7}",TEE-DRIVEN,0.523
11,3,174,331,0.245,0.109,0.58,0.311,0.033,,0.604,,,,0.443,0.015,103,"{""APPROACH"": 68, ""NONE"": 1, ""PUTTING"": 29, ""PENALTY"": 5}",APPROACH-DRIVEN,0.66
12,4,410,331,0.378,0.06,0.583,0.356,0.063,0.52,0.523,0.296,0.733,0.324,0.418,0.012,118,"{""TEE"": 73, ""APPROACH"": 23, ""PUTTING"": 18, ""PENALTY"": 4}",TEE-DRIVEN,0.619
13,4,376,331,0.115,0.097,0.707,0.196,0.015,0.686,0.644,0.308,0.797,0.352,0.576,0.009,65,"{""PUTTING"": 11, ""TEE"": 41, ""APPROACH"": 10, ""PENALTY"": 3}",TEE-DRIVEN,0.631
14,4,379,331,0.205,0.1,0.622,0.278,0.027,0.701,0.553,0.374,0.629,0.381,0.493,0.006,92,"{""TEE"": 40, ""APPROACH"": 38, ""PENALTY"": 2, ""PUTTING"": 12}",MIXED,0.435
15,4,423,331,0.257,0.076,0.619,0.305,0.027,0.583,0.489,0.341,0.596,0.341,0.544,0.018,101,"{""TEE"": 54, ""APPROACH"": 28, ""PENALTY"": 6, ""PUTTING"": 13}",TEE-DRIVEN,0.535
16,3,180,331,0.094,0.139,0.707,0.154,0.073,,0.779,,,,0.493,0.097,51,"{""PENALTY"": 28, ""PUTTING"": 14, ""APPROACH"": 9}",PENALTY-DRIVEN,0.549
17,4,390,331,0.157,0.115,0.634,0.251,0.018,0.541,0.595,0.441,0.726,0.417,0.522,0.003,83,"{""APPROACH"": 16, ""TEE"": 57, ""PUTTING"": 9, ""PENALTY"": 1}",TEE-DRIVEN,0.687
18,5,528,331,0.048,0.157,0.665,0.178,0.024,0.538,0.743,0.621,0.848,0.62,0.494,0.045,59,"{""TEE"": 29, ""APPROACH"": 8, ""PENALTY"": 11, ""PUTTING"": 11}",TEE-DRIVEN,0.492
