player,final_rank,fw_hit_pct,fw_miss_n,miss_to_gir_pct,miss_to_parplus_pct,miss_to_bogeyplus_pct,miss_to_doubleplus_pct
유해란,1,64.3,20,45.0,80.0,20.0,5.0
김민주,2,66.1,19,52.6,57.9,42.1,5.3
김민솔,2,62.5,21,57.1,85.7,14.3,4.8
이지현3,4,71.4,16,50.0,81.2,18.8,6.2
최예본,5,76.8,13,53.8,69.2,30.8,7.7
이다연,5,60.7,22,54.5,63.6,36.4,0.0
김소정,5,55.4,25,60.0,68.0,32.0,0.0
서어진,5,69.6,17,41.2,82.4,17.6,5.9
홍진영2,9,71.4,16,50.0,75.0,25.0,6.2
유서연2,9,62.5,21,38.1,42.9,57.1,9.5
이예원,9,73.2,15,40.0,73.3,26.7,0.0
"TOP10_AVG(pooled,n=11players)",,66.7,205,49.8,70.2,29.8,4.4
"TOP20_AVG(pooled,n=23players)",,63.7,467,48.8,71.7,28.3,5.4
"FIELD_REST_AVG(pooled,n=38players)",,60.6,839,43.0,63.2,36.8,5.2
