player,final_rank,round,hole,par,category,tee_lie,next_shot_condition,gir,final_score_to_par,strokes
유해란,1,2,7,5,FW_MISS->GIR->BIRDIE+,러프(ROUGH),페어웨이(FAIRWAY) 83.0y,True,-1,4
김민솔,2,1,10,5,FW_MISS->GIR->BIRDIE+,러프(ROUGH),페어웨이(FAIRWAY) 124.8y,True,-1,4
홍진영2,9,4,1,4,FW_MISS->GIR->BIRDIE+,러프(ROUGH),그린(GREEN) 15.6y,True,-1,3
서어진,5,2,7,5,FW_MISS->GIR->BIRDIE+,러프(ROUGH),페어웨이(FAIRWAY) 115.2y,True,-1,4
이다연,5,2,1,4,FW_MISS->GIR->BIRDIE+,러프(ROUGH),그린(GREEN) 3.0y,True,-1,3
김소정,5,4,7,5,FW_MISS->GIR->BIRDIE+,러프(ROUGH),러프(ROUGH) 72.0y,True,-1,4
유서연2,9,2,14,4,FW_MISS->GIR->PAR,러프(ROUGH),그린(GREEN) 7.9y,True,0,4
김민솔,2,1,4,5,FW_MISS->GIR->PAR,벙커(BUNKER),페어웨이(FAIRWAY) 122.0y,True,0,5
홍진영2,9,1,7,5,FW_MISS->GIR->PAR,러프(ROUGH),페어웨이(FAIRWAY) 71.0y,True,0,5
이예원,9,1,8,4,FW_MISS->GIR->PAR,러프(ROUGH),그린(GREEN) 20.7y,True,0,4
이다연,5,1,7,5,FW_MISS->GIR->PAR,벙커(BUNKER),페어웨이(FAIRWAY) 116.8y,True,0,5
이다연,5,1,14,4,FW_MISS->RECOVERY(noGIR)->PAR,러프(ROUGH),러프(ROUGH) 29.2y,False,0,4
최예본,5,2,8,4,FW_MISS->RECOVERY(noGIR)->PAR,러프(ROUGH),프린지(FRINGE) 18.1y,False,0,4
이지현3,4,1,6,4,FW_MISS->RECOVERY(noGIR)->PAR,러프(ROUGH),러프(ROUGH) 18.3y,False,0,4
김민주,2,1,1,4,FW_MISS->RECOVERY(noGIR)->PAR,러프(ROUGH),러프(ROUGH) 8.2y,False,0,4
홍진영2,9,2,13,4,FW_MISS->RECOVERY(noGIR)->PAR,벙커(BUNKER),러프(ROUGH) 36.0y,False,0,4
유해란,1,2,7,5,RYU_FW_MISS->BIRDIE+,러프(ROUGH),페어웨이(FAIRWAY) 83.0y,True,-1,4
유해란,1,3,17,4,RYU_FW_MISS->BIRDIE+,벙커(BUNKER),그린(GREEN) 15.7y,True,-1,3
유해란,1,1,1,4,RYU_FW_MISS->PAR,벙커(BUNKER),그린(GREEN) 6.4y,True,0,4
유해란,1,1,6,4,RYU_FW_MISS->PAR,러프(ROUGH),그린주변벙커(GREENSIDE_BUNKER) 26.1y,False,0,4
유해란,1,1,7,5,RYU_FW_MISS->PAR,러프(ROUGH),러프(ROUGH) 114.4y,True,0,5
유해란,1,1,9,4,RYU_FW_MISS->PAR,러프(ROUGH),러프(ROUGH) 6.2y,False,0,4
유해란,1,1,18,5,RYU_FW_MISS->PAR,러프(ROUGH),페어웨이(FAIRWAY) 121.1y,False,0,5
유해란,1,2,1,4,RYU_FW_MISS->PAR,벙커(BUNKER),러프(ROUGH) 24.7y,False,0,4
유해란,1,2,18,5,RYU_FW_MISS->PAR,러프(ROUGH),페어웨이(FAIRWAY) 103.5y,True,0,5
유해란,1,3,7,5,RYU_FW_MISS->PAR,벙커(BUNKER),페어웨이(FAIRWAY) 119.6y,True,0,5
유해란,1,3,12,4,RYU_FW_MISS->PAR,러프(ROUGH),프린지(FRINGE) 11.6y,False,0,4
유해란,1,4,3,4,RYU_FW_MISS->PAR,러프(ROUGH),러프(ROUGH) 15.3y,False,0,4
유해란,1,4,8,4,RYU_FW_MISS->PAR,러프(ROUGH),러프(ROUGH) 11.2y,False,0,4
유해란,1,4,9,4,RYU_FW_MISS->PAR,러프(ROUGH),그린(GREEN) 5.3y,True,0,4
유해란,1,4,15,4,RYU_FW_MISS->PAR,러프(ROUGH),그린(GREEN) 15.0y,True,0,4
유해란,1,4,18,5,RYU_FW_MISS->PAR,벙커(BUNKER),페어웨이(FAIRWAY) 133.0y,False,0,5
