hole,par,birdie_or_better_rate,bogey_or_worse_rate,miss_penalty_strokes,median_birdie_rate_threshold,median_bogey_rate_threshold,median_miss_penalty_threshold,classification
1,4,0.06042296072507553,0.38368580060422963,0.23475208424747696,0.09818731117824774,0.2583081570996979,0.3260164532508366,CONTROL
2,3,0.1540785498489426,0.21148036253776434,,0.09818731117824774,0.2583081570996979,0.3260164532508366,ATTACK
3,4,0.054380664652567974,0.2930513595166163,0.14922077922077923,0.09818731117824774,0.2583081570996979,0.3260164532508366,CONTROL
4,5,0.1419939577039275,0.2054380664652568,0.22482090181205225,0.09818731117824774,0.2583081570996979,0.3260164532508366,ATTACK
5,3,0.08459214501510574,0.1782477341389728,,0.09818731117824774,0.2583081570996979,0.3260164532508366,CONTROL
6,4,0.07250755287009064,0.3202416918429003,0.3595339805825243,0.09818731117824774,0.2583081570996979,0.3260164532508366,DEFEND
7,5,0.22356495468277945,0.1027190332326284,0.18603603603603602,0.09818731117824774,0.2583081570996979,0.3260164532508366,ATTACK
8,4,0.09667673716012085,0.34441087613293053,0.5503645290879333,0.09818731117824774,0.2583081570996979,0.3260164532508366,DEFEND
9,4,0.1268882175226586,0.21148036253776434,0.4292855042634519,0.09818731117824774,0.2583081570996979,0.3260164532508366,CONTROL
10,5,0.09667673716012085,0.26586102719033233,0.4343609410723505,0.09818731117824774,0.2583081570996979,0.3260164532508366,DEFEND
11,3,0.10876132930513595,0.311178247734139,,0.09818731117824774,0.2583081570996979,0.3260164532508366,CONTROL
12,4,0.06042296072507553,0.3564954682779456,0.4714787187362878,0.09818731117824774,0.2583081570996979,0.3260164532508366,DEFEND
13,4,0.09667673716012085,0.19637462235649547,0.46352931209759407,0.09818731117824774,0.2583081570996979,0.3260164532508366,CONTROL
14,4,0.09969788519637462,0.27794561933534745,0.2977621037965866,0.09818731117824774,0.2583081570996979,0.3260164532508366,ATTACK
15,4,0.0755287009063444,0.30513595166163143,0.24311031012990914,0.09818731117824774,0.2583081570996979,0.3260164532508366,CONTROL
16,3,0.13897280966767372,0.1540785498489426,,0.09818731117824774,0.2583081570996979,0.3260164532508366,ATTACK
17,4,0.1148036253776435,0.25075528700906347,0.3542708027050867,0.09818731117824774,0.2583081570996979,0.3260164532508366,CONTROL
18,5,0.15709969788519637,0.1782477341389728,0.2139604905632665,0.09818731117824774,0.2583081570996979,0.3260164532508366,ATTACK
