id,finding,category,n,repeat_count,alt_explanations_checked,confidence,note
AF01,"R1H16: 유해란 2nd샷과 박서현 1st샷이 동일 좌표(60,14), 핀까지 2.7yd에서 만남 — 박서현 1퍼트 vs 유해란 2퍼트","같은 위치, 다른 스코어",1,1,"핀 다름?No(같은 라운드,같은 핀). lie 다름?No(둘 다 GREEN). 표본 작음?Yes(n=1, 단일 사례).",MEDIUM,"좌표가 문자 그대로 일치하는 희귀 사례라 정성적 가치는 높지만 n=1, 일반화 금지"
AF02,"R1H3: GREENSIDE_BUNKER 12.1yd(유해란)/12.5yd(박서현) — 유해란 Par, 박서현 Double. recovery 샷 자체가 10.1yd vs 5.1yd 이동(그린 도달 여부)","같은 미스, 다른 회복",1,1,핀 다름?No. lie 다름?No. 벙커 라이 품질?UNKNOWN(RAW 미기록). 표본?n=1,MEDIUM,"RAW에 벙커 lie 품질(묻힘 여부)이 없어 실행 차이의 '원인'은 추정 금지, '결과'만 확인 가능"
AF03,"Hole 9: 필드 전체 기준 par4 평균보다 쉬움(+0.127 vs +0.258) — 그런데 박서현은 R3H9(Double), R3(또다른 par4), R13(Bogey+)에서도 반복 '선수위험높음' 분류",코스위험↔선수위험 분리,331,3,"표본?n=331(field), 반복 3홀. 핀 다름?통제됨(각 홀 field aggregate). 우연 1회?No(3개 다른 홀에서 반복).",HIGH,"course_player_risk_matrix.csv에서 독립적으로 재확인, n도 충분하고 반복됨"
AF04,이재윤의 ROUGH(0-50yd) 회복: 필드 평균 +0.673 vs 이재윤 개인 +0.286 (n=14) — 필드 불리/선수 유리 유일한 구간,필드-선수 가치 역전,1064,14,"표본?필드 n=1064(충분), 이재윤 n=14(중간). 퍼팅 변동성?일부 가능성 있음(최종 스코어 기준이라 퍼팅도 섞임).",MEDIUM,field_vs_player_location_value.csv에서 유일하게 역전된 구간 — 이재윤의 숨겨진 강점 후보
AF05,"FW MISS -> Par/Birdie+(49건) > FW HIT -> Bogey+(21건), 3선수 합산 168 non-par3 hole-play 중",FW% 역설,168,49,표본?n=168 충분. 과대해석 위험: 'FW는 중요하지 않다'는 결론 금지 — FW_HIT_GOOD(78건)이 가장 큰 범주임을 병기.,HIGH,"neo_fairway_paradox_cases.csv. FW%가 설명 못하는 지점을 보여줄 뿐, FW 무의미론은 아님"
AF06,"GIR 달성 홀(138건) 중 13건 Bogey, 1건 Double+ — GIR 미스 홀(78건) 중 45건은 오히려 Par로 끝남",GIR 역설,216,14,"표본?충분. 퍼팅 변동성이 GIR-Bogey의 주 원인일 가능성 높음(별도 검증 필요, 본 파일에서는 현상만 확인).",HIGH,neo_gir_paradox_cases.csv. GIR 이진지표가 숨기는 정보를 정량적으로 보여줌
AF07,GIR 후 첫퍼트 6-9yd/9-12yd/12yd+ 구간에서 이재윤의 버디 전환율이 필드 평균보다도 낮음(0% vs 필드 10.8%/5.7%/2.5%),거리구간별 선수차,29,3,"표본?구간별 n=7~13(작음, MEDIUM 이하로 제한). 거리 자체가 원인(A)인지 전환력(B)인지: 거리 통제 후에도 낮아 B 가능성 시사.",MEDIUM,approach_proximity_conversion.csv. n이 작아 HIGH로 격상하지 않음 — '이재윤 거리 통제해도 낮다'는 가설이지 확정 아님
AF08,GREEN 0-3yd 구간이 필드 기준 '중립'(위험 아님)이지만 bogey+ 비율 34% — 직관적 기대(거의 자동 Par)보다 훨씬 높음,방법론적 발견,6038,1,이 구간은 '처음 도착' 위치와 '이미 놓친 후 남은 퍼트' 위치가 섞여 있음 — 순수 approach 품질 지표 아님. 방법론 한계로 명시.,HIGH(방법론 한계로서),next-shot-quality 해석 시 GREEN 구간은 '그 결과로 가는 길'이 아니라 '그 지점에 섰을 때의 결과'로 읽어야 함
AF09,"ROUGH 200yd+ 필드 double+ 비율 60%, FAIRWAY 200yd+도 40% — 장거리 미스는 FW 여부와 무관하게 전 필드에게 치명적",코스위험(공통),86,1,"표본?ROUGH 200+ n=37, FAIRWAY 200+ n=43 — 작지만 방향 일관됨. 특정 홀 집중 여부는 미검증(추가 분석 가능).",MEDIUM,neo_next_shot_quality.csv 최하위 2개 구간 — 코스 전체의 공통 고위험 구간
AF10,"Hole 1(par4): 필드 기준 '코스위험높음'(+0.369)인데 박서현이 세 선수 중 유일하게 평균 이하(-0.25, 낮음) 기록",필드불리/선수유리,331,1,"표본?박서현 개인 n=4(작음, 1라운드씩). 단 1회 좋은 결과가 평균을 끌어올렸을 가능성 있음 — 반복성 미검증.",LOW,n=4로 결론 내리기엔 이름. '약한 선수도 특정 코스위험 홀에서 예외적으로 강할 수 있다'는 가능성 제시 수준
AF11,"같은 GREEN ~3.4yd 지점에서 박서현(R4H9)이 유해란의 여러 다른 홀(R1H6,R2H1,R2H2,R2H6) 대비 반복적으로 strokes-to-finish가 더 걺(2 vs 4)",반복된 선수 패턴,4,4,같은 사건(R4H9)이 유해란의 여러 홀과 매칭된 것이라 '4번 반복'이 아니라 '1개 사건이 4번 비교된 것' — 실제 독립 반복 횟수는 1.,"LOW(반복 아님, 재확인 결과 단일 사건)",same_location_player_execution.csv 재검토 결과 중복 비교였음을 확인 — 레드팀에서 신뢰도 하향
AF12,0-3yd 버디 전환율에서 박서현 100%(n=1)로 표에 표시되지만 이는 통계적으로 무의미,레드팀 기각 후보,1,1,표본 극소(n=1) — 어떤 해석도 금지.,REJECTED(표본부족),approach_proximity_conversion.csv의 0-3yd 박서현 행은 report에서 인용 금지
