player_code,player_name,holes_analyzed,avg_score_to_par,fw_hit_rate,fw_hit_rate_n,gir_rate,gir_rate_n,FW_to_GIR_rate,FW_to_GIR_n,FW_to_GIR_Miss_rate,FW_to_GIR_Miss_n,Rough_to_GIR_rate,Rough_to_GIR_n,Rough_to_GIR_Miss_rate,Rough_to_GIR_Miss_n,Bunker_to_GIR_rate,Bunker_to_GIR_n,OtherTeeMiss_to_GIR_rate,OtherTeeMiss_to_GIR_n,FWMiss_to_GIR_rate,FWMiss_to_GIR_n,FWHit_to_ParOrBetter_rate,FWHit_to_ParOrBetter_n,FWMiss_to_ParOrBetter_rate,FWMiss_to_ParOrBetter_n,GIRMiss_to_ParSave_rate,GIRMiss_to_ParSave_n,Rough_to_ParSave_rate,Rough_to_ParSave_n,Bunker_to_ParSave_rate,Bunker_to_ParSave_n
10002,,72,0.1527777777777778,0.6607142857142857,56,0.5833333333333334,72,0.6216216216216216,37,0.3783783783783784,37,0.3333333333333333,18,0.6666666666666667,18,1.0,1,,0,0.3684210526315789,19,0.8918918918918919,37,0.6842105263157895,19,0.6,30,0.6666666666666666,18,1.0,1
10022,,72,0.18055555555555555,0.42857142857142855,56,0.5138888888888888,72,0.7083333333333334,24,0.29166666666666663,24,0.3793103448275862,29,0.6206896551724138,29,0.5,2,0.0,1,0.375,32,0.9583333333333334,24,0.65625,32,0.6,35,0.6551724137931034,29,1.0,2
10081,,72,0,0.6607142857142857,56,0.7638888888888888,72,0.8108108108108109,37,0.18918918918918914,37,0.5555555555555556,18,0.4444444444444444,18,0.0,1,,0,0.5263157894736842,19,0.8918918918918919,37,0.5789473684210527,19,0.47058823529411764,17,0.6111111111111112,18,0.0,1
10083,,72,0.08333333333333333,0.6607142857142857,56,0.6388888888888888,72,0.7297297297297297,37,0.2702702702702703,37,0.4444444444444444,18,0.5555555555555556,18,0.0,1,,0,0.42105263157894735,19,0.8108108108108109,37,0.6842105263157895,19,0.5,26,0.6666666666666666,18,1.0,1
10095,,72,0.09722222222222222,0.5714285714285714,56,0.6944444444444444,72,0.78125,32,0.21875,32,0.6818181818181818,22,0.31818181818181823,22,1.0,1,0.0,1,0.6666666666666666,24,0.78125,32,0.75,24,0.5454545454545454,22,0.7727272727272727,22,1.0,1
10097,,72,0.1527777777777778,0.6785714285714286,56,0.6527777777777778,72,0.7894736842105263,38,0.21052631578947367,38,0.375,16,0.625,16,,0,0.0,2,0.3333333333333333,18,0.8947368421052632,38,0.6111111111111112,18,0.52,25,0.6875,16,,0
10109,,72,0.19444444444444445,0.6785714285714286,56,0.6111111111111112,72,0.6052631578947368,38,0.39473684210526316,38,0.47058823529411764,17,0.5294117647058824,17,0.0,1,,0,0.4444444444444444,18,0.7368421052631579,38,0.6111111111111112,18,0.5714285714285714,28,0.6470588235294118,17,0.0,1
10112,,18,0.5,0.5,14,0.5555555555555556,18,0.7142857142857143,7,0.2857142857142857,7,0.5,6,0.5,6,0.0,1,,0,0.42857142857142855,7,0.7142857142857143,7,0.5714285714285714,7,0.25,8,0.6666666666666666,6,0.0,1
10138,,72,0.125,0.6071428571428571,56,0.625,72,0.7058823529411765,34,0.2941176470588235,34,0.55,20,0.44999999999999996,20,0.0,1,0.0,1,0.5,22,0.8529411764705882,34,0.6818181818181818,22,0.6666666666666666,27,0.75,20,0.0,1
10139,,36,0.4444444444444444,0.5714285714285714,28,0.6666666666666666,36,0.8125,16,0.1875,16,0.4,10,0.6,10,,0,0.0,2,0.3333333333333333,12,0.8125,16,0.5,12,0.25,12,0.6,10,,0
10178,,36,0.4722222222222222,0.35714285714285715,28,0.4444444444444444,36,0.6,10,0.4,10,0.21428571428571427,14,0.7857142857142857,14,0.5,2,0.0,2,0.2222222222222222,18,0.9,10,0.3888888888888889,18,0.4,20,0.42857142857142855,14,0.5,2
10296,,72,0.125,0.6428571428571429,56,0.6666666666666666,72,0.7777777777777778,36,0.2222222222222222,36,0.5,20,0.5,20,,0,,0,0.5,20,0.8055555555555556,36,0.6,20,0.5416666666666666,24,0.6,20,,0
10481,,72,0.19444444444444445,0.5,56,0.6805555555555556,72,0.75,28,0.25,28,0.5,24,0.5,24,0.6666666666666666,3,0.0,1,0.5,28,0.8928571428571429,28,0.6785714285714286,28,0.5217391304347826,23,0.7083333333333334,24,0.6666666666666666,3
10531,,72,0.06944444444444445,0.5,56,0.625,72,0.6785714285714286,28,0.3214285714285714,28,0.5384615384615384,26,0.46153846153846156,26,0.0,2,,0,0.5,28,0.7857142857142857,28,0.8571428571428571,28,0.6666666666666666,27,0.8461538461538461,26,1.0,2
10577,,72,0.027777777777777776,0.7678571428571429,56,0.7083333333333334,72,0.6976744186046512,43,0.3023255813953488,43,0.5384615384615384,13,0.46153846153846156,13,,0,,0,0.5384615384615384,13,0.7906976744186046,43,0.6923076923076923,13,0.38095238095238093,21,0.6923076923076923,13,,0
10586,,72,0.041666666666666664,0.7142857142857143,56,0.7361111111111112,72,0.8,40,0.19999999999999996,40,0.5333333333333333,15,0.4666666666666667,15,0.0,1,,0,0.5,16,0.925,40,0.75,16,0.5263157894736842,19,0.7333333333333333,15,1.0,1
10725,,72,0,0.625,56,0.6944444444444444,72,0.7714285714285715,35,0.22857142857142854,35,0.625,16,0.375,16,0.5,4,0.0,1,0.5714285714285714,21,0.9714285714285714,35,0.8571428571428571,21,0.6363636363636364,22,0.875,16,1.0,4
10726,,72,0.125,0.6607142857142857,56,0.6388888888888888,72,0.8108108108108109,37,0.18918918918918914,37,0.4375,16,0.5625,16,0.6666666666666666,3,,0,0.47368421052631576,19,0.8918918918918919,37,0.631578947368421,19,0.5769230769230769,26,0.625,16,0.6666666666666666,3
10727,,36,0.3333333333333333,0.5714285714285714,28,0.6666666666666666,36,0.8125,16,0.1875,16,0.3333333333333333,9,0.6666666666666667,9,0.0,2,0.0,1,0.25,12,0.6875,16,0.5,12,0.3333333333333333,12,0.6666666666666666,9,0.0,2
10789,,36,0.3888888888888889,0.5714285714285714,28,0.4722222222222222,36,0.625,16,0.375,16,0.25,12,0.75,12,,0,,0,0.25,12,0.8125,16,0.4166666666666667,12,0.42105263157894735,19,0.4166666666666667,12,,0
10790,,72,0.1527777777777778,0.6428571428571429,56,0.6111111111111112,72,0.6666666666666666,36,0.33333333333333337,36,0.4444444444444444,18,0.5555555555555556,18,1.0,2,,0,0.5,20,0.7777777777777778,36,0.6,20,0.5714285714285714,28,0.5555555555555556,18,1.0,2
10867,,36,0.5277777777777778,0.5714285714285714,28,0.4444444444444444,36,0.5625,16,0.4375,16,0.3333333333333333,12,0.6666666666666667,12,,0,,0,0.3333333333333333,12,0.625,16,0.5833333333333334,12,0.35,20,0.5833333333333334,12,,0
11040,,36,0.3611111111111111,0.39285714285714285,28,0.5555555555555556,36,0.7272727272727273,11,0.2727272727272727,11,0.5,14,0.5,14,0.5,2,0.0,1,0.47058823529411764,17,0.8181818181818182,11,0.5294117647058824,17,0.375,16,0.6428571428571429,14,0.0,2
11042,,72,0.1527777777777778,0.5535714285714286,56,0.5694444444444444,72,0.6129032258064516,31,0.3870967741935484,31,0.5454545454545454,22,0.4545454545454546,22,0.0,3,,0,0.48,25,0.8064516129032258,31,0.68,25,0.5806451612903226,31,0.7272727272727273,22,0.3333333333333333,3
11045,,36,0.4444444444444444,0.5714285714285714,28,0.5277777777777778,36,0.5,16,0.5,16,0.5454545454545454,11,0.4545454545454546,11,1.0,1,,0,0.5833333333333334,12,0.5,16,0.75,12,0.35294117647058826,17,0.7272727272727273,11,1.0,1
11056,,36,0.4722222222222222,0.5357142857142857,28,0.4722222222222222,36,0.6666666666666666,15,0.33333333333333337,15,0.25,12,0.75,12,,0,0.0,1,0.23076923076923078,13,0.7333333333333333,15,0.38461538461538464,13,0.42105263157894735,19,0.4166666666666667,12,,0
11057,,36,0.2777777777777778,0.42857142857142855,28,0.5,36,0.5,12,0.5,12,0.4666666666666667,15,0.5333333333333333,15,0.0,1,,0,0.4375,16,0.5833333333333334,12,0.6875,16,0.4444444444444444,18,0.6666666666666666,15,1.0,1
11060,,72,0.25,0.5,56,0.625,72,0.8571428571428571,28,0.1428571428571429,28,0.34615384615384615,26,0.6538461538461539,26,0.5,2,,0,0.35714285714285715,28,0.8571428571428571,28,0.5714285714285714,28,0.37037037037037035,27,0.5769230769230769,26,0.5,2
11066,,72,0.041666666666666664,0.625,56,0.6666666666666666,72,0.6857142857142857,35,0.3142857142857143,35,0.4,20,0.6,20,,0,0.0,1,0.38095238095238093,21,0.9142857142857143,35,0.42857142857142855,21,0.5,24,0.45,20,,0
11073,,36,0.5277777777777778,0.6071428571428571,28,0.4444444444444444,36,0.35294117647058826,17,0.6470588235294117,17,0.4,10,0.6,10,1.0,1,,0,0.45454545454545453,11,0.47058823529411764,17,0.6363636363636364,11,0.4,20,0.6,10,1.0,1
11076,,18,0.8888888888888888,0.21428571428571427,14,0.3888888888888889,18,0.6666666666666666,3,0.33333333333333337,3,0.2222222222222222,9,0.7777777777777778,9,0.0,2,,0,0.18181818181818182,11,0.0,3,0.2727272727272727,11,0.09090909090909091,11,0.2222222222222222,9,0.5,2
11134,,72,0.09722222222222222,0.6071428571428571,56,0.7638888888888888,72,0.7352941176470589,34,0.2647058823529411,34,0.6818181818181818,22,0.31818181818181823,22,,0,,0,0.6818181818181818,22,0.8823529411764706,34,0.8181818181818182,22,0.5294117647058824,17,0.8181818181818182,22,,0
11143,,72,0.06944444444444445,0.5,56,0.5972222222222222,72,0.7142857142857143,28,0.2857142857142857,28,0.375,24,0.625,24,0.5,4,,0,0.39285714285714285,28,0.8928571428571429,28,0.6785714285714286,28,0.5862068965517241,29,0.6666666666666666,24,0.75,4
11216,,36,0.4722222222222222,0.5,28,0.4444444444444444,36,0.5714285714285714,14,0.4285714285714286,14,0.38461538461538464,13,0.6153846153846154,13,0.0,1,,0,0.35714285714285715,14,0.7857142857142857,14,0.2857142857142857,14,0.25,20,0.3076923076923077,13,0.0,1
11447,,72,0.18055555555555555,0.5178571428571429,56,0.6111111111111112,72,0.6896551724137931,29,0.31034482758620685,29,0.4,20,0.6,20,0.5,6,0.0,1,0.4074074074074074,27,0.8620689655172413,29,0.6296296296296297,27,0.5357142857142857,28,0.65,20,0.6666666666666666,6
11469,,36,0.3888888888888889,0.6785714285714286,28,0.5,36,0.5263157894736842,19,0.4736842105263158,19,0.3333333333333333,9,0.6666666666666667,9,,0,,0,0.3333333333333333,9,0.6842105263157895,19,0.4444444444444444,9,0.3888888888888889,18,0.4444444444444444,9,,0
11640,,72,0.1111111111111111,0.6428571428571429,56,0.6666666666666666,72,0.75,36,0.25,36,0.4444444444444444,18,0.5555555555555556,18,0.5,2,,0,0.45,20,0.7777777777777778,36,0.75,20,0.5833333333333334,24,0.7222222222222222,18,1.0,2
11770,,72,0.16666666666666666,0.6071428571428571,56,0.6527777777777778,72,0.7941176470588235,34,0.20588235294117652,34,0.3333333333333333,21,0.6666666666666667,21,1.0,1,,0,0.36363636363636365,22,0.8823529411764706,34,0.5,22,0.4,25,0.47619047619047616,21,1.0,1
11978,,18,0.8888888888888888,0.35714285714285715,14,0.3333333333333333,18,0.4,5,0.6,5,0.125,8,0.875,8,,0,0.0,1,0.1111111111111111,9,0.4,5,0.0,9,0.0,12,0.0,8,,0
12038,,36,0.3888888888888889,0.6428571428571429,28,0.4722222222222222,36,0.6666666666666666,18,0.33333333333333337,18,0.1111111111111111,9,0.8888888888888888,9,0.0,1,,0,0.1,10,0.7777777777777778,18,0.5,10,0.3684210526315789,19,0.4444444444444444,9,1.0,1
12078,,36,0.75,0.42857142857142855,28,0.3611111111111111,36,0.5833333333333334,12,0.41666666666666663,12,0.26666666666666666,15,0.7333333333333334,15,0.0,1,,0,0.25,16,0.5,12,0.3125,16,0.21739130434782608,23,0.3333333333333333,15,0.0,1
12080,,36,0.3055555555555556,0.5357142857142857,28,0.5833333333333334,36,0.7333333333333333,15,0.2666666666666667,15,0.38461538461538464,13,0.6153846153846154,13,,0,,0,0.38461538461538464,13,0.8,15,0.6923076923076923,13,0.4666666666666667,15,0.6923076923076923,13,,0
13386,,36,0.4722222222222222,0.5357142857142857,28,0.5555555555555556,36,0.6,15,0.4,15,0.4166666666666667,12,0.5833333333333333,12,,0,0.0,1,0.38461538461538464,13,0.8,15,0.38461538461538464,13,0.5625,16,0.4166666666666667,12,,0
1521,,36,0.3055555555555556,0.6428571428571429,28,0.5277777777777778,36,0.6111111111111112,18,0.38888888888888884,18,0.3,10,0.7,10,,0,,0,0.3,10,0.7222222222222222,18,0.7,10,0.5882352941176471,17,0.7,10,,0
6916,,36,0.3055555555555556,0.7857142857142857,28,0.5555555555555556,36,0.6363636363636364,22,0.36363636363636365,22,0.4,5,0.6,5,1.0,1,,0,0.5,6,0.7727272727272727,22,0.6666666666666666,6,0.4375,16,0.6,5,1.0,1
8179,,72,0.125,0.44642857142857145,56,0.6388888888888888,72,0.76,25,0.24,25,0.5555555555555556,27,0.4444444444444444,27,0.0,4,,0,0.4838709677419355,31,0.88,25,0.7096774193548387,31,0.5769230769230769,26,0.7407407407407407,27,0.5,4
8234,,36,0.3055555555555556,0.5714285714285714,28,0.5833333333333334,36,0.5625,16,0.4375,16,0.45454545454545453,11,0.5454545454545454,11,,0,0.0,1,0.4166666666666667,12,0.75,16,0.5,12,0.3333333333333333,15,0.5454545454545454,11,,0
8240,,18,0.3333333333333333,0.6428571428571429,14,0.3888888888888889,18,0.5555555555555556,9,0.4444444444444444,9,0.0,5,1.0,5,,0,,0,0.0,5,1.0,9,0.4,5,0.5454545454545454,11,0.4,5,,0
8243,,72,0.2361111111111111,0.625,56,0.6111111111111112,72,0.7142857142857143,35,0.2857142857142857,35,0.3333333333333333,21,0.6666666666666667,21,,0,,0,0.3333333333333333,21,0.7714285714285715,35,0.6190476190476191,21,0.4642857142857143,28,0.6190476190476191,21,,0
8246,,18,0.8888888888888888,0.42857142857142855,14,0.2777777777777778,18,0.5,6,0.5,6,0.2,5,0.8,5,0.0,1,0.0,2,0.125,8,0.6666666666666666,6,0.5,8,0.38461538461538464,13,0.6,5,1.0,1
8277,,72,0.2361111111111111,0.375,56,0.5555555555555556,72,0.7619047619047619,21,0.23809523809523814,21,0.4375,32,0.5625,32,0.0,3,,0,0.4,35,0.8571428571428571,21,0.6,35,0.40625,32,0.625,32,0.3333333333333333,3
8284,,72,0.1111111111111111,0.6428571428571429,56,0.5972222222222222,72,0.6111111111111112,36,0.38888888888888884,36,0.3333333333333333,18,0.6666666666666667,18,0.0,1,0.0,1,0.3,20,0.8611111111111112,36,0.55,20,0.5517241379310345,29,0.6111111111111112,18,0.0,1
8300,,72,0.05555555555555555,0.5892857142857143,56,0.6666666666666666,72,0.8181818181818182,33,0.18181818181818177,33,0.3333333333333333,21,0.6666666666666667,21,0.0,2,,0,0.30434782608695654,23,0.8787878787878788,33,0.7391304347826086,23,0.6666666666666666,24,0.7619047619047619,21,0.5,2
8318,,36,0.4444444444444444,0.6428571428571429,28,0.5,36,0.5555555555555556,18,0.4444444444444444,18,0.3,10,0.7,10,,0,,0,0.3,10,0.6111111111111112,18,0.5,10,0.2777777777777778,18,0.5,10,,0
8380,,72,0.20833333333333334,0.5535714285714286,56,0.6111111111111112,72,0.8064516129032258,31,0.19354838709677424,31,0.32,25,0.6799999999999999,25,,0,,0,0.32,25,0.9032258064516129,31,0.44,25,0.35714285714285715,28,0.44,25,,0
8386,,36,0.3333333333333333,0.5,28,0.4722222222222222,36,0.5,14,0.5,14,0.4166666666666667,12,0.5833333333333333,12,0.0,2,,0,0.35714285714285715,14,0.5714285714285714,14,0.7857142857142857,14,0.47368421052631576,19,0.8333333333333334,12,0.5,2
8392,,72,0.027777777777777776,0.6071428571428571,56,0.7083333333333334,72,0.7941176470588235,34,0.20588235294117652,34,0.5238095238095238,21,0.47619047619047616,21,1.0,1,,0,0.5454545454545454,22,0.7941176470588235,34,0.6363636363636364,22,0.5238095238095238,21,0.6190476190476191,21,1.0,1
8430,,36,0.2777777777777778,0.6071428571428571,28,0.5277777777777778,36,0.7058823529411765,17,0.2941176470588235,17,0.18181818181818182,11,0.8181818181818181,11,,0,,0,0.18181818181818182,11,0.8235294117647058,17,0.5454545454545454,11,0.47058823529411764,17,0.5454545454545454,11,,0
8434,,36,0.5277777777777778,0.5357142857142857,28,0.4166666666666667,36,0.5333333333333333,15,0.4666666666666667,15,0.18181818181818182,11,0.8181818181818181,11,1.0,1,0.0,1,0.23076923076923078,13,0.7333333333333333,15,0.6923076923076923,13,0.42857142857142855,21,0.7272727272727273,11,1.0,1
8589,,72,0.08333333333333333,0.5714285714285714,56,0.6944444444444444,72,0.78125,32,0.21875,32,0.6666666666666666,18,0.33333333333333337,18,0.6,5,0.0,1,0.625,24,0.9375,32,0.6666666666666666,24,0.5,22,0.7222222222222222,18,0.6,5
8770,,36,0.3611111111111111,0.4642857142857143,28,0.5,36,0.6923076923076923,13,0.3076923076923077,13,0.26666666666666666,15,0.7333333333333334,15,,0,,0,0.26666666666666666,15,0.8461538461538461,13,0.5333333333333333,15,0.4444444444444444,18,0.5333333333333333,15,,0
8772,,72,0.18055555555555555,0.6964285714285714,56,0.6666666666666666,72,0.6923076923076923,39,0.3076923076923077,39,0.625,16,0.375,16,0.0,1,,0,0.5882352941176471,17,0.7948717948717948,39,0.7647058823529411,17,0.625,24,0.75,16,1.0,1
8811,,36,0.3055555555555556,0.5714285714285714,28,0.5,36,0.5625,16,0.4375,16,0.2727272727272727,11,0.7272727272727273,11,0.0,1,,0,0.25,12,0.6875,16,0.5833333333333334,12,0.3888888888888889,18,0.6363636363636364,11,0.0,1
8838,,72,0.1388888888888889,0.5357142857142857,56,0.5694444444444444,72,0.7333333333333333,30,0.2666666666666667,30,0.43478260869565216,23,0.5652173913043479,23,0.0,3,,0,0.38461538461538464,26,0.8666666666666667,30,0.6153846153846154,26,0.4838709677419355,31,0.6521739130434783,23,0.3333333333333333,3
8840,,36,0.4444444444444444,0.6071428571428571,28,0.5,36,0.5882352941176471,17,0.4117647058823529,17,0.3333333333333333,9,0.6666666666666667,9,0.0,2,,0,0.2727272727272727,11,0.7058823529411765,17,0.36363636363636365,11,0.2222222222222222,18,0.3333333333333333,9,0.5,2
8859,,72,0.125,0.625,56,0.6944444444444444,72,0.7714285714285715,35,0.22857142857142854,35,0.42857142857142855,21,0.5714285714285714,21,,0,,0,0.42857142857142855,21,0.8857142857142857,35,0.6190476190476191,21,0.5,22,0.6190476190476191,21,,0
8881,,72,0.125,0.6964285714285714,56,0.6944444444444444,72,0.7435897435897436,39,0.2564102564102564,39,0.4375,16,0.5625,16,,0,0.0,1,0.4117647058823529,17,0.9230769230769231,39,0.6470588235294118,17,0.5454545454545454,22,0.6875,16,,0
8883,,36,0.2777777777777778,0.5357142857142857,28,0.5833333333333334,36,0.7333333333333333,15,0.2666666666666667,15,0.2727272727272727,11,0.7272727272727273,11,0.0,1,0.0,1,0.23076923076923078,13,0.8,15,0.6153846153846154,13,0.4,15,0.7272727272727273,11,0.0,1
8884,,72,0.16666666666666666,0.6964285714285714,56,0.625,72,0.6923076923076923,39,0.3076923076923077,39,0.35294117647058826,17,0.6470588235294117,17,,0,,0,0.35294117647058826,17,0.7692307692307693,39,0.47058823529411764,17,0.3333333333333333,27,0.47058823529411764,17,,0
8972,,36,0.2777777777777778,0.5714285714285714,28,0.4166666666666667,36,0.5625,16,0.4375,16,0.2727272727272727,11,0.7272727272727273,11,0.0,1,,0,0.25,12,0.8125,16,0.3333333333333333,12,0.38095238095238093,21,0.36363636363636365,11,0.0,1
9000,,72,0.09722222222222222,0.6785714285714286,56,0.5972222222222222,72,0.6052631578947368,38,0.39473684210526316,38,0.4444444444444444,18,0.5555555555555556,18,,0,,0,0.4444444444444444,18,0.8157894736842105,38,0.6666666666666666,18,0.5172413793103449,29,0.6666666666666666,18,,0
9082,,72,0.08333333333333333,0.75,56,0.6388888888888888,72,0.6904761904761905,42,0.30952380952380953,42,0.3333333333333333,12,0.6666666666666667,12,1.0,1,0.0,1,0.35714285714285715,14,0.8571428571428571,42,0.5714285714285714,14,0.5769230769230769,26,0.5833333333333334,12,1.0,1
9089,,72,0.027777777777777776,0.5535714285714286,56,0.6944444444444444,72,0.7096774193548387,31,0.29032258064516125,31,0.6086956521739131,23,0.3913043478260869,23,0.5,2,,0,0.6,25,0.8709677419354839,31,0.68,25,0.5909090909090909,22,0.6956521739130435,23,0.5,2
9111,,72,0.3611111111111111,0.5535714285714286,56,0.5833333333333334,72,0.6451612903225806,31,0.3548387096774194,31,0.4782608695652174,23,0.5217391304347826,23,0.0,2,,0,0.44,25,0.6451612903225806,31,0.56,25,0.43333333333333335,30,0.5652173913043478,23,0.5,2
9113,,72,0.08333333333333333,0.7142857142857143,56,0.6666666666666666,72,0.7,40,0.30000000000000004,40,0.4375,16,0.5625,16,,0,,0,0.4375,16,0.9,40,0.625,16,0.5,24,0.625,16,,0
9115,,72,-0.05555555555555555,0.6428571428571429,56,0.7361111111111112,72,0.8333333333333334,36,0.16666666666666663,36,0.42857142857142855,14,0.5714285714285714,14,0.6,5,0.0,1,0.45,20,0.8611111111111112,36,0.8,20,0.6842105263157895,19,0.7857142857142857,14,1.0,5
9130,,36,0.2777777777777778,0.6785714285714286,28,0.4722222222222222,36,0.5789473684210527,19,0.42105263157894735,19,0.2857142857142857,7,0.7142857142857143,7,0.0,2,,0,0.2222222222222222,9,0.7368421052631579,19,0.4444444444444444,9,0.3157894736842105,19,0.42857142857142855,7,0.5,2
9134,,72,0.027777777777777776,0.6964285714285714,56,0.6527777777777778,72,0.7692307692307693,39,0.23076923076923073,39,0.4117647058823529,17,0.5882352941176471,17,,0,,0,0.4117647058823529,17,0.8717948717948718,39,0.8235294117647058,17,0.72,25,0.8235294117647058,17,,0
9135,,72,0.125,0.6071428571428571,56,0.6111111111111112,72,0.6764705882352942,34,0.32352941176470584,34,0.45,20,0.55,20,0.5,2,,0,0.45454545454545453,22,0.8529411764705882,34,0.6818181818181818,22,0.5714285714285714,28,0.65,20,1.0,2
9136,,36,0.4444444444444444,0.7857142857142857,28,0.5555555555555556,36,0.5909090909090909,22,0.40909090909090906,22,0.3333333333333333,6,0.6666666666666667,6,,0,,0,0.3333333333333333,6,0.6818181818181818,22,0.16666666666666666,6,0.25,16,0.16666666666666666,6,,0
9145,,72,0.20833333333333334,0.625,56,0.625,72,0.6,35,0.4,35,0.6,20,0.4,20,1.0,1,,0,0.6190476190476191,21,0.8,35,0.6666666666666666,21,0.4444444444444444,27,0.65,20,1.0,1
9174,,36,0.3333333333333333,0.4642857142857143,28,0.6111111111111112,36,0.6923076923076923,13,0.3076923076923077,13,0.5,12,0.5,12,0.0,2,0.0,1,0.4,15,0.6923076923076923,13,0.4666666666666667,15,0.21428571428571427,14,0.5833333333333334,12,0.0,2
9183,,36,0.2777777777777778,0.6785714285714286,28,0.3888888888888889,36,0.3684210526315789,19,0.631578947368421,19,0.3333333333333333,9,0.6666666666666667,9,,0,,0,0.3333333333333333,9,0.631578947368421,19,0.5555555555555556,9,0.36363636363636365,22,0.5555555555555556,9,,0
9235,,72,0.1111111111111111,0.7321428571428571,56,0.6666666666666666,72,0.7317073170731707,41,0.2682926829268293,41,0.26666666666666666,15,0.7333333333333334,15,,0,,0,0.26666666666666666,15,0.926829268292683,41,0.5333333333333333,15,0.7083333333333334,24,0.5333333333333333,15,,0
9277,,36,0.5,0.5,28,0.4166666666666667,36,0.35714285714285715,14,0.6428571428571428,14,0.3076923076923077,13,0.6923076923076923,13,0.0,1,,0,0.2857142857142857,14,0.5714285714285714,14,0.35714285714285715,14,0.3333333333333333,21,0.38461538461538464,13,0.0,1
9389,,72,0.09722222222222222,0.6071428571428571,56,0.6527777777777778,72,0.7058823529411765,34,0.2941176470588235,34,0.5789473684210527,19,0.42105263157894735,19,0.0,3,,0,0.5,22,0.9411764705882353,34,0.7272727272727273,22,0.72,25,0.8421052631578947,19,0.0,3
9391,,36,0.2777777777777778,0.4642857142857143,28,0.5555555555555556,36,0.5384615384615384,13,0.46153846153846156,13,0.5833333333333334,12,0.41666666666666663,12,1.0,2,0.0,1,0.6,15,0.7692307692307693,13,0.7333333333333333,15,0.4375,16,0.75,12,1.0,2
9426,,72,0.1388888888888889,0.6607142857142857,56,0.5833333333333334,72,0.7027027027027027,37,0.29729729729729726,37,0.2777777777777778,18,0.7222222222222222,18,1.0,1,,0,0.3157894736842105,19,0.8378378378378378,37,0.7368421052631579,19,0.6,30,0.7222222222222222,18,1.0,1
9431,,72,0.05555555555555555,0.5714285714285714,56,0.5555555555555556,72,0.625,32,0.375,32,0.34782608695652173,23,0.6521739130434783,23,1.0,1,,0,0.375,24,0.84375,32,0.8333333333333334,24,0.6875,32,0.8260869565217391,23,1.0,1
9436,,36,0.3888888888888889,0.6428571428571429,28,0.5833333333333334,36,0.5555555555555556,18,0.4444444444444444,18,0.5,10,0.5,10,,0,,0,0.5,10,0.7222222222222222,18,0.6,10,0.3333333333333333,15,0.6,10,,0
9449,,72,0.013888888888888888,0.7142857142857143,56,0.6805555555555556,72,0.775,40,0.22499999999999998,40,0.5333333333333333,15,0.4666666666666667,15,,0,0.0,1,0.5,16,0.85,40,0.8125,16,0.6521739130434783,23,0.8666666666666667,15,,0
9465,,72,0.125,0.5535714285714286,56,0.6666666666666666,72,0.7419354838709677,31,0.25806451612903225,31,0.5454545454545454,22,0.4545454545454546,22,0.6666666666666666,3,,0,0.56,25,0.8709677419354839,31,0.64,25,0.5416666666666666,24,0.6363636363636364,22,0.6666666666666666,3
9483,,72,0.1527777777777778,0.6428571428571429,56,0.5972222222222222,72,0.6111111111111112,36,0.38888888888888884,36,0.5,20,0.5,20,,0,,0,0.5,20,0.6944444444444444,36,0.8,20,0.5172413793103449,29,0.8,20,,0
9487,,36,0.2777777777777778,0.75,28,0.5833333333333334,36,0.5714285714285714,21,0.4285714285714286,21,0.4,5,0.6,5,1.0,1,0.0,1,0.42857142857142855,7,0.8095238095238095,21,0.5714285714285714,7,0.4666666666666667,15,0.6,5,1.0,1
9652,,72,0.18055555555555555,0.6071428571428571,56,0.5972222222222222,72,0.7352941176470589,34,0.2647058823529411,34,0.25,20,0.75,20,0.5,2,,0,0.2727272727272727,22,0.8823529411764706,34,0.6363636363636364,22,0.5172413793103449,29,0.65,20,0.5,2
9702,,36,0.3611111111111111,0.7142857142857143,28,0.5277777777777778,36,0.6,20,0.4,20,0.14285714285714285,7,0.8571428571428572,7,,0,0.0,1,0.125,8,0.6,20,0.25,8,0.4117647058823529,17,0.2857142857142857,7,,0
9705,,72,0.1527777777777778,0.7142857142857143,56,0.625,72,0.575,40,0.42500000000000004,40,0.5,16,0.5,16,,0,,0,0.5,16,0.8,40,0.5,16,0.5925925925925926,27,0.5,16,,0
9708,,72,0.125,0.5714285714285714,56,0.5972222222222222,72,0.6875,32,0.3125,32,0.5,24,0.5,24,,0,,0,0.5,24,0.84375,32,0.7916666666666666,24,0.6551724137931034,29,0.7916666666666666,24,,0
9714,,36,0.2777777777777778,0.6785714285714286,28,0.5833333333333334,36,0.6842105263157895,19,0.3157894736842105,19,0.3333333333333333,9,0.6666666666666667,9,,0,,0,0.3333333333333333,9,0.631578947368421,19,0.6666666666666666,9,0.3333333333333333,15,0.6666666666666666,9,,0
9723,,36,0.3055555555555556,0.6785714285714286,28,0.6388888888888888,36,0.8421052631578947,19,0.1578947368421053,19,0.5,8,0.5,8,,0,0.0,1,0.4444444444444444,9,0.7894736842105263,19,0.5555555555555556,9,0.46153846153846156,13,0.625,8,,0
9750,,36,0.3333333333333333,0.5,28,0.4722222222222222,36,0.42857142857142855,14,0.5714285714285714,14,0.4,10,0.6,10,0.0,3,0.0,1,0.2857142857142857,14,0.7857142857142857,14,0.42857142857142855,14,0.42105263157894735,19,0.6,10,0.0,3
9759,,72,0.16666666666666666,0.5535714285714286,56,0.6111111111111112,72,0.7096774193548387,31,0.29032258064516125,31,0.4782608695652174,23,0.5217391304347826,23,1.0,2,,0,0.52,25,0.7419354838709677,31,0.8,25,0.5714285714285714,28,0.782608695652174,23,1.0,2
9765,,72,0.2916666666666667,0.6071428571428571,56,0.5972222222222222,72,0.7352941176470589,34,0.2647058823529411,34,0.42857142857142855,21,0.5714285714285714,21,1.0,1,,0,0.45454545454545453,22,0.8823529411764706,34,0.45454545454545453,22,0.5172413793103449,29,0.42857142857142855,21,1.0,1
9784,,72,0.041666666666666664,0.7321428571428571,56,0.6111111111111112,72,0.6829268292682927,41,0.31707317073170727,41,0.38461538461538464,13,0.6153846153846154,13,0.5,2,,0,0.4,15,0.8536585365853658,41,0.7333333333333333,15,0.6428571428571429,28,0.7692307692307693,13,0.5,2
9820,,72,0.125,0.6964285714285714,56,0.6388888888888888,72,0.7435897435897436,39,0.2564102564102564,39,0.3333333333333333,15,0.6666666666666667,15,0.0,2,,0,0.29411764705882354,17,0.8461538461538461,39,0.5882352941176471,17,0.5384615384615384,26,0.6666666666666666,15,0.0,2
9937,,36,0.2777777777777778,0.5714285714285714,28,0.5555555555555556,36,0.625,16,0.375,16,0.2727272727272727,11,0.7272727272727273,11,0.0,1,,0,0.25,12,0.625,16,0.5833333333333334,12,0.5,16,0.6363636363636364,11,0.0,1
9990,,72,0.1388888888888889,0.6785714285714286,56,0.6666666666666666,72,0.7105263157894737,38,0.2894736842105263,38,0.5882352941176471,17,0.4117647058823529,17,0.0,1,,0,0.5555555555555556,18,0.8947368421052632,38,0.6111111111111112,18,0.625,24,0.5882352941176471,17,1.0,1
