player_code,player_name,hole,classification,total_score_to_par_4R
9115,"유해란 (TOP, #1)",1,CONTROL,0
9115,"유해란 (TOP, #1)",2,ATTACK,-3
9115,"유해란 (TOP, #1)",3,CONTROL,2
9115,"유해란 (TOP, #1)",4,ATTACK,-1
9115,"유해란 (TOP, #1)",5,CONTROL,0
9115,"유해란 (TOP, #1)",6,DEFEND,-1
9115,"유해란 (TOP, #1)",7,ATTACK,-1
9115,"유해란 (TOP, #1)",8,DEFEND,-1
9115,"유해란 (TOP, #1)",9,CONTROL,0
9115,"유해란 (TOP, #1)",10,DEFEND,0
9115,"유해란 (TOP, #1)",11,CONTROL,-1
9115,"유해란 (TOP, #1)",12,DEFEND,2
9115,"유해란 (TOP, #1)",13,CONTROL,0
9115,"유해란 (TOP, #1)",14,ATTACK,2
9115,"유해란 (TOP, #1)",15,CONTROL,0
9115,"유해란 (TOP, #1)",16,ATTACK,0
9115,"유해란 (TOP, #1)",17,CONTROL,-1
9115,"유해란 (TOP, #1)",18,ATTACK,-1
9708,"이재윤 (MID, #27)",1,CONTROL,1
9708,"이재윤 (MID, #27)",2,ATTACK,1
9708,"이재윤 (MID, #27)",3,CONTROL,0
9708,"이재윤 (MID, #27)",4,ATTACK,2
9708,"이재윤 (MID, #27)",5,CONTROL,0
9708,"이재윤 (MID, #27)",6,DEFEND,-1
9708,"이재윤 (MID, #27)",7,ATTACK,-1
9708,"이재윤 (MID, #27)",8,DEFEND,0
9708,"이재윤 (MID, #27)",9,CONTROL,1
9708,"이재윤 (MID, #27)",10,DEFEND,1
9708,"이재윤 (MID, #27)",11,CONTROL,2
9708,"이재윤 (MID, #27)",12,DEFEND,0
9708,"이재윤 (MID, #27)",13,CONTROL,0
9708,"이재윤 (MID, #27)",14,ATTACK,2
9708,"이재윤 (MID, #27)",15,CONTROL,2
9708,"이재윤 (MID, #27)",16,ATTACK,-1
9708,"이재윤 (MID, #27)",17,CONTROL,0
9708,"이재윤 (MID, #27)",18,ATTACK,0
9111,"박서현 (BOTTOM, #61)",1,CONTROL,-1
9111,"박서현 (BOTTOM, #61)",2,ATTACK,0
9111,"박서현 (BOTTOM, #61)",3,CONTROL,4
9111,"박서현 (BOTTOM, #61)",4,ATTACK,2
9111,"박서현 (BOTTOM, #61)",5,CONTROL,1
9111,"박서현 (BOTTOM, #61)",6,DEFEND,1
9111,"박서현 (BOTTOM, #61)",7,ATTACK,-1
9111,"박서현 (BOTTOM, #61)",8,DEFEND,4
9111,"박서현 (BOTTOM, #61)",9,CONTROL,4
9111,"박서현 (BOTTOM, #61)",10,DEFEND,2
9111,"박서현 (BOTTOM, #61)",11,CONTROL,1
9111,"박서현 (BOTTOM, #61)",12,DEFEND,3
9111,"박서현 (BOTTOM, #61)",13,CONTROL,2
9111,"박서현 (BOTTOM, #61)",14,ATTACK,2
9111,"박서현 (BOTTOM, #61)",15,CONTROL,2
9111,"박서현 (BOTTOM, #61)",16,ATTACK,-1
9111,"박서현 (BOTTOM, #61)",17,CONTROL,1
9111,"박서현 (BOTTOM, #61)",18,ATTACK,0
