player_code,player_name,round,tee_lie,landing_distance_yd,approach_distance_yd,unreliable_distance_state,distance_band,lateral_band,zone,approach_lie,gir,strokes,score_to_par,score_bucket,fw_hit
10002,,1,ROUGH,266.5,143.5,False,261-296yd,LAT1,261-296yd x LAT1,FRINGE,False,4,0,Par,False
10002,,2,ROUGH,233.0,177.0,False,127-246yd,LAT1,127-246yd x LAT1,ROUGH,False,4,0,Par,False
10002,,3,FAIRWAY,255.0,155.0,False,246-261yd,LAT2,246-261yd x LAT2,GREEN,True,3,-1,Birdie+,True
10002,,4,FAIRWAY,260.7,149.3,False,246-261yd,LAT3,246-261yd x LAT3,FRINGE,False,3,-1,Birdie+,True
10022,,1,ROUGH,207.3,202.7,False,127-246yd,LAT3,127-246yd x LAT3,FAIRWAY,False,5,1,Bogey,False
10022,,2,ROUGH,232.3,177.7,False,127-246yd,LAT1,127-246yd x LAT1,ROUGH,False,5,1,Bogey,False
10022,,3,ROUGH,234.8,175.2,False,127-246yd,LAT1,127-246yd x LAT1,ROUGH,False,6,2,Double+,False
10022,,4,FAIRWAY,247.6,162.4,False,246-261yd,LAT2,246-261yd x LAT2,ROUGH,False,4,0,Par,True
10081,,1,FAIRWAY,267.9,142.1,False,261-296yd,LAT3,261-296yd x LAT3,GREEN,True,4,0,Par,True
10081,,2,ROUGH,246.0,164.0,False,246-261yd,LAT1,246-261yd x LAT1,GREEN,True,3,-1,Birdie+,False
10081,,3,FAIRWAY,254.1,155.9,False,246-261yd,LAT2,246-261yd x LAT2,GREEN,True,4,0,Par,True
10081,,4,FAIRWAY,258.2,151.8,False,246-261yd,LAT2,246-261yd x LAT2,GREEN,True,4,0,Par,True
10083,,1,FAIRWAY,256.2,153.8,False,246-261yd,LAT2,246-261yd x LAT2,ROUGH,False,5,1,Bogey,True
10083,,2,ROUGH,231.8,178.2,False,127-246yd,LAT1,127-246yd x LAT1,ROUGH,False,5,1,Bogey,False
10083,,3,ROUGH,249.9,160.1,False,246-261yd,LAT2,246-261yd x LAT2,FRINGE,False,4,0,Par,False
10083,,4,FAIRWAY,259.6,150.4,False,246-261yd,LAT2,246-261yd x LAT2,GREEN,True,4,0,Par,True
10095,,1,FAIRWAY,268.7,141.3,False,261-296yd,LAT3,261-296yd x LAT3,GREEN,True,4,0,Par,True
10095,,2,FAIRWAY,248.7,161.3,False,246-261yd,LAT3,246-261yd x LAT3,GREEN,True,5,1,Bogey,True
10095,,3,LOST_BALL,27.6,382.4,True,127-246yd,LAT3,127-246yd x LAT3,PENALTY_STROKE,False,6,2,Double+,False
10095,,4,ROUGH,269.0,141.0,False,261-296yd,LAT3,261-296yd x LAT3,GREEN,True,4,0,Par,False
10097,,1,ROUGH,252.0,158.0,False,246-261yd,LAT1,246-261yd x LAT1,GREEN,True,4,0,Par,False
10097,,2,FAIRWAY,238.8,171.2,False,127-246yd,LAT3,127-246yd x LAT3,GREEN,True,4,0,Par,True
10097,,3,FAIRWAY,264.7,145.3,False,261-296yd,LAT2,261-296yd x LAT2,GREEN,True,4,0,Par,True
10097,,4,FAIRWAY,264.7,145.3,False,261-296yd,LAT2,261-296yd x LAT2,GREEN,True,4,0,Par,True
10109,,1,FAIRWAY,278.9,131.1,False,261-296yd,LAT2,261-296yd x LAT2,GREEN,True,5,1,Bogey,True
10109,,2,FAIRWAY,247.2,162.8,False,246-261yd,LAT2,246-261yd x LAT2,GREEN,True,5,1,Bogey,True
10109,,3,ROUGH,258.8,151.2,False,246-261yd,LAT1,246-261yd x LAT1,ROUGH,False,4,0,Par,False
10109,,4,ROUGH,264.7,145.3,False,261-296yd,LAT1,261-296yd x LAT1,GREEN,True,4,0,Par,False
10112,,1,ROUGH,266.7,143.3,False,261-296yd,LAT1,261-296yd x LAT1,GREEN,True,4,0,Par,False
10138,,1,ROUGH,259.4,150.6,False,246-261yd,LAT1,246-261yd x LAT1,ROUGH,False,5,1,Bogey,False
10138,,2,ROUGH,241.1,168.9,False,127-246yd,LAT1,127-246yd x LAT1,GREEN,True,4,0,Par,False
10138,,3,BUNKER,237.9,172.1,False,127-246yd,LAT3,127-246yd x LAT3,FAIRWAY,False,5,1,Bogey,False
10138,,4,ROUGH,252.4,157.6,False,246-261yd,LAT1,246-261yd x LAT1,GREEN,True,4,0,Par,False
10139,,1,ROUGH,256.5,153.5,False,246-261yd,LAT3,246-261yd x LAT3,ROUGH,False,5,1,Bogey,False
10139,,2,ROUGH,186.2,223.8,False,127-246yd,LAT3,127-246yd x LAT3,BUNKER,False,8,4,Double+,False
10178,,1,ROUGH,228.0,182.0,False,127-246yd,LAT1,127-246yd x LAT1,FAIRWAY,False,5,1,Bogey,False
10178,,2,PENALTY_AREA,410.0,0.0,True,261-296yd,LAT1,261-296yd x LAT1,PENALTY_STROKE,False,7,3,Double+,False
10296,,1,FAIRWAY,283.4,126.6,False,261-296yd,LAT2,261-296yd x LAT2,GREEN,True,3,-1,Birdie+,True
10296,,2,ROUGH,253.6,156.4,False,246-261yd,LAT3,246-261yd x LAT3,ROUGH,False,4,0,Par,False
10296,,3,FAIRWAY,284.0,126.0,False,261-296yd,LAT2,261-296yd x LAT2,GREEN,True,5,1,Bogey,True
10296,,4,FAIRWAY,284.0,126.0,False,261-296yd,LAT3,261-296yd x LAT3,GREEN,True,4,0,Par,True
10481,,1,FAIRWAY,261.3,148.7,False,261-296yd,LAT2,261-296yd x LAT2,GREEN,True,5,1,Bogey,True
10481,,2,FAIRWAY,239.2,170.8,False,127-246yd,LAT3,127-246yd x LAT3,GREEN,True,4,0,Par,True
10481,,3,FAIRWAY,255.7,154.3,False,246-261yd,LAT2,246-261yd x LAT2,GREEN,True,4,0,Par,True
10481,,4,FAIRWAY,250.7,159.3,False,246-261yd,LAT2,246-261yd x LAT2,ROUGH,False,5,1,Bogey,True
10531,,1,ROUGH,278.8,131.2,False,261-296yd,LAT1,261-296yd x LAT1,GREEN,True,5,1,Bogey,False
10531,,2,FAIRWAY,238.8,171.2,False,127-246yd,LAT2,127-246yd x LAT2,ROUGH,False,5,1,Bogey,True
10531,,3,FAIRWAY,235.2,174.8,False,127-246yd,LAT2,127-246yd x LAT2,GREEN,True,5,1,Bogey,True
10531,,4,ROUGH,265.3,144.7,False,261-296yd,LAT3,261-296yd x LAT3,GREEN,True,4,0,Par,False
10577,,1,ROUGH,283.4,126.6,False,261-296yd,LAT1,261-296yd x LAT1,GREEN,True,4,0,Par,False
10577,,2,FAIRWAY,262.0,148.0,False,261-296yd,LAT3,261-296yd x LAT3,GREEN,True,4,0,Par,True
10577,,3,FAIRWAY,257.3,152.7,False,246-261yd,LAT2,246-261yd x LAT2,GREEN,True,3,-1,Birdie+,True
10577,,4,FAIRWAY,277.4,132.6,False,261-296yd,LAT2,261-296yd x LAT2,GREEN,True,4,0,Par,True
10586,,1,ROUGH,247.6,162.4,False,246-261yd,LAT1,246-261yd x LAT1,GREEN,True,4,0,Par,False
10586,,2,FAIRWAY,246.6,163.4,False,246-261yd,LAT2,246-261yd x LAT2,GREEN,True,3,-1,Birdie+,True
10586,,3,ROUGH,262.2,147.8,False,261-296yd,LAT1,261-296yd x LAT1,ROUGH,False,4,0,Par,False
10586,,4,ROUGH,248.0,162.0,False,246-261yd,LAT1,246-261yd x LAT1,ROUGH,False,6,2,Double+,False
10725,,1,FAIRWAY,294.3,115.7,False,261-296yd,LAT2,261-296yd x LAT2,GREEN,True,4,0,Par,True
10725,,2,FAIRWAY,275.6,134.4,False,261-296yd,LAT2,261-296yd x LAT2,GREEN,True,4,0,Par,True
10725,,3,FAIRWAY,274.4,135.6,False,261-296yd,LAT2,261-296yd x LAT2,GREEN,True,4,0,Par,True
10725,,4,FAIRWAY,255.1,154.9,False,246-261yd,LAT2,246-261yd x LAT2,GREEN,True,4,0,Par,True
10726,,1,ROUGH,235.3,174.7,False,127-246yd,LAT1,127-246yd x LAT1,GREENSIDE_BUNKER,False,4,0,Par,False
10726,,2,FAIRWAY,239.4,170.6,False,127-246yd,LAT3,127-246yd x LAT3,GREEN,True,4,0,Par,True
10726,,3,FAIRWAY,253.8,156.2,False,246-261yd,LAT3,246-261yd x LAT3,GREEN,True,4,0,Par,True
10726,,4,FAIRWAY,248.1,161.9,False,246-261yd,LAT2,246-261yd x LAT2,ROUGH,False,5,1,Bogey,True
10727,,1,ROUGH,193.1,216.9,False,127-246yd,LAT3,127-246yd x LAT3,ROUGH,False,6,2,Double+,False
10727,,2,BUNKER,220.5,189.5,False,127-246yd,LAT3,127-246yd x LAT3,FAIRWAY,False,5,1,Bogey,False
10789,,1,ROUGH,255.6,154.4,False,246-261yd,LAT1,246-261yd x LAT1,FRINGE,False,4,0,Par,False
10789,,2,ROUGH,247.3,162.7,False,246-261yd,LAT1,246-261yd x LAT1,GREEN,True,4,0,Par,False
10790,,1,ROUGH,254.8,155.2,False,246-261yd,LAT3,246-261yd x LAT3,ROUGH,False,4,0,Par,False
10790,,2,FAIRWAY,254.0,156.0,False,246-261yd,LAT2,246-261yd x LAT2,GREEN,True,5,1,Bogey,True
10790,,3,FAIRWAY,258.7,151.3,False,246-261yd,LAT2,246-261yd x LAT2,GREEN,True,4,0,Par,True
10790,,4,FAIRWAY,250.7,159.3,False,246-261yd,LAT2,246-261yd x LAT2,GREEN,True,5,1,Bogey,True
10867,,1,FAIRWAY,237.0,173.0,False,127-246yd,LAT2,127-246yd x LAT2,ROUGH,False,4,0,Par,True
10867,,2,ROUGH,215.6,194.4,False,127-246yd,LAT1,127-246yd x LAT1,GREEN,True,4,0,Par,False
11040,,1,ROUGH,258.7,151.3,False,246-261yd,LAT3,246-261yd x LAT3,GREEN,True,4,0,Par,False
11040,,2,ROUGH,235.2,174.8,False,127-246yd,LAT1,127-246yd x LAT1,FRINGE,False,4,0,Par,False
11042,,1,ROUGH,203.0,207.0,False,127-246yd,LAT3,127-246yd x LAT3,FAIRWAY,False,4,0,Par,False
11042,,2,FAIRWAY,249.7,160.3,False,246-261yd,LAT2,246-261yd x LAT2,ROUGH,False,5,1,Bogey,True
11042,,3,FAIRWAY,261.6,148.4,False,261-296yd,LAT3,261-296yd x LAT3,FRINGE,False,5,1,Bogey,True
11042,,4,FAIRWAY,273.6,136.4,False,261-296yd,LAT3,261-296yd x LAT3,GREEN,True,4,0,Par,True
11045,,1,ROUGH,260.6,149.4,False,246-261yd,LAT1,246-261yd x LAT1,ROUGH,False,5,1,Bogey,False
11045,,2,ROUGH,248.0,162.0,False,246-261yd,LAT3,246-261yd x LAT3,ROUGH,False,6,2,Double+,False
11056,,1,ROUGH,293.3,116.7,False,261-296yd,LAT1,261-296yd x LAT1,ROUGH,False,5,1,Bogey,False
11056,,2,FAIRWAY,251.8,158.2,False,246-261yd,LAT3,246-261yd x LAT3,GREEN,True,4,0,Par,True
11057,,1,FAIRWAY,276.7,133.3,False,261-296yd,LAT3,261-296yd x LAT3,ROUGH,False,5,1,Bogey,True
11057,,2,FAIRWAY,237.4,172.6,False,127-246yd,LAT3,127-246yd x LAT3,GREENSIDE_BUNKER,False,5,1,Bogey,True
11060,,1,ROUGH,276.4,133.6,False,261-296yd,LAT1,261-296yd x LAT1,ROUGH,False,5,1,Bogey,False
11060,,2,ROUGH,189.5,220.5,False,127-246yd,LAT3,127-246yd x LAT3,FAIRWAY,False,5,1,Bogey,False
11060,,3,FAIRWAY,257.6,152.4,False,246-261yd,LAT3,246-261yd x LAT3,GREEN,True,4,0,Par,True
11060,,4,ROUGH,265.0,145.0,False,261-296yd,LAT3,261-296yd x LAT3,ROUGH,False,5,1,Bogey,False
11066,,1,ROUGH,271.9,138.1,False,261-296yd,LAT1,261-296yd x LAT1,ROUGH,False,4,0,Par,False
11066,,2,ROUGH,241.0,169.0,False,127-246yd,LAT1,127-246yd x LAT1,GREEN,True,5,1,Bogey,False
11066,,3,FAIRWAY,267.1,142.9,False,261-296yd,LAT3,261-296yd x LAT3,GREEN,True,3,-1,Birdie+,True
11066,,4,ROUGH,264.5,145.5,False,261-296yd,LAT1,261-296yd x LAT1,ROUGH,False,5,1,Bogey,False
11073,,1,FAIRWAY,280.5,129.5,False,261-296yd,LAT2,261-296yd x LAT2,GREEN,True,5,1,Bogey,True
11073,,2,FAIRWAY,256.3,153.7,False,246-261yd,LAT3,246-261yd x LAT3,GREEN,True,4,0,Par,True
11076,,1,BUNKER,236.8,173.2,False,127-246yd,LAT3,127-246yd x LAT3,FAIRWAY,False,4,0,Par,False
11134,,1,ROUGH,252.4,157.6,False,246-261yd,LAT1,246-261yd x LAT1,GREEN,True,4,0,Par,False
11134,,2,ROUGH,249.7,160.3,False,246-261yd,LAT3,246-261yd x LAT3,ROUGH,False,6,2,Double+,False
11134,,3,ROUGH,250.1,159.9,False,246-261yd,LAT1,246-261yd x LAT1,ROUGH,False,5,1,Bogey,False
11134,,4,FAIRWAY,256.8,153.2,False,246-261yd,LAT2,246-261yd x LAT2,ROUGH,False,4,0,Par,True
11143,,1,ROUGH,254.2,155.8,False,246-261yd,LAT1,246-261yd x LAT1,ROUGH,False,6,2,Double+,False
11143,,2,ROUGH,251.4,158.6,False,246-261yd,LAT1,246-261yd x LAT1,ROUGH,False,4,0,Par,False
11143,,3,FAIRWAY,284.2,125.8,False,261-296yd,LAT3,261-296yd x LAT3,GREEN,True,4,0,Par,True
11143,,4,FAIRWAY,272.7,137.3,False,261-296yd,LAT2,261-296yd x LAT2,ROUGH,False,5,1,Bogey,True
11216,,1,FAIRWAY,259.4,150.6,False,246-261yd,LAT3,246-261yd x LAT3,GREEN,True,4,0,Par,True
11216,,2,ROUGH,247.6,162.4,False,246-261yd,LAT1,246-261yd x LAT1,GREEN,True,4,0,Par,False
11447,,1,FAIRWAY,277.9,132.1,False,261-296yd,LAT2,261-296yd x LAT2,GREEN,True,4,0,Par,True
11447,,2,ROUGH,239.1,170.9,False,127-246yd,LAT1,127-246yd x LAT1,GREEN,True,5,1,Bogey,False
11447,,3,FAIRWAY,260.5,149.5,False,246-261yd,LAT3,246-261yd x LAT3,GREEN,True,4,0,Par,True
11447,,4,ROUGH,259.6,150.4,False,246-261yd,LAT1,246-261yd x LAT1,GREEN,True,5,1,Bogey,False
11469,,1,ROUGH,239.0,171.0,False,127-246yd,LAT1,127-246yd x LAT1,GREEN,True,4,0,Par,False
11469,,2,FAIRWAY,241.7,168.3,False,127-246yd,LAT3,127-246yd x LAT3,FRINGE,False,5,1,Bogey,True
11640,,1,ROUGH,263.0,147.0,False,261-296yd,LAT3,261-296yd x LAT3,GREEN,True,4,0,Par,False
11640,,2,FAIRWAY,224.8,185.2,False,127-246yd,LAT2,127-246yd x LAT2,GREEN,True,4,0,Par,True
11640,,3,FAIRWAY,229.6,180.4,False,127-246yd,LAT2,127-246yd x LAT2,ROUGH,False,4,0,Par,True
11640,,4,FAIRWAY,248.3,161.7,False,246-261yd,LAT2,246-261yd x LAT2,GREEN,True,4,0,Par,True
11770,,1,ROUGH,262.1,147.9,False,261-296yd,LAT1,261-296yd x LAT1,FRINGE,False,5,1,Bogey,False
11770,,2,FAIRWAY,244.6,165.4,False,127-246yd,LAT3,127-246yd x LAT3,GREEN,True,4,0,Par,True
11770,,3,ROUGH,239.0,171.0,False,127-246yd,LAT3,127-246yd x LAT3,ROUGH,False,8,4,Double+,False
11770,,4,FAIRWAY,279.7,130.3,False,261-296yd,LAT2,261-296yd x LAT2,GREEN,True,4,0,Par,True
11978,,1,FAIRWAY,221.5,188.5,False,127-246yd,LAT2,127-246yd x LAT2,GREEN,True,4,0,Par,True
12038,,1,FAIRWAY,271.2,138.8,False,261-296yd,LAT3,261-296yd x LAT3,GREEN,True,4,0,Par,True
12038,,2,FAIRWAY,262.4,147.6,False,261-296yd,LAT3,261-296yd x LAT3,ROUGH,False,5,1,Bogey,True
12078,,1,ROUGH,241.4,168.6,False,127-246yd,LAT1,127-246yd x LAT1,GREEN,True,4,0,Par,False
12078,,2,ROUGH,236.9,173.1,False,127-246yd,LAT1,127-246yd x LAT1,ROUGH,False,5,1,Bogey,False
12080,,1,FAIRWAY,269.9,140.1,False,261-296yd,LAT2,261-296yd x LAT2,GREEN,True,4,0,Par,True
12080,,2,ROUGH,244.3,165.7,False,127-246yd,LAT1,127-246yd x LAT1,GREEN,True,4,0,Par,False
13386,,1,FAIRWAY,210.6,199.4,False,127-246yd,LAT3,127-246yd x LAT3,GREEN,True,4,0,Par,True
13386,,2,FAIRWAY,228.0,182.0,False,127-246yd,LAT2,127-246yd x LAT2,GREEN,True,5,1,Bogey,True
1521,,1,ROUGH,262.9,147.1,False,261-296yd,LAT1,261-296yd x LAT1,ROUGH,False,4,0,Par,False
1521,,2,ROUGH,241.3,168.7,False,127-246yd,LAT1,127-246yd x LAT1,GREENSIDE_BUNKER,False,4,0,Par,False
6916,,1,ROUGH,235.9,174.1,False,127-246yd,LAT3,127-246yd x LAT3,ROUGH,False,5,1,Bogey,False
6916,,2,FAIRWAY,244.8,165.2,False,127-246yd,LAT2,127-246yd x LAT2,GREEN,True,3,-1,Birdie+,True
8179,,1,FAIRWAY,261.4,148.6,False,261-296yd,LAT2,261-296yd x LAT2,ROUGH,False,5,1,Bogey,True
8179,,2,ROUGH,248.9,161.1,False,246-261yd,LAT3,246-261yd x LAT3,ROUGH,False,5,1,Bogey,False
8179,,3,FAIRWAY,261.5,148.5,False,261-296yd,LAT2,261-296yd x LAT2,GREEN,True,4,0,Par,True
8179,,4,ROUGH,270.1,139.9,False,261-296yd,LAT3,261-296yd x LAT3,ROUGH,False,5,1,Bogey,False
8234,,1,ROUGH,242.7,167.3,False,127-246yd,LAT1,127-246yd x LAT1,GREEN,True,4,0,Par,False
8234,,2,FAIRWAY,214.5,195.5,False,127-246yd,LAT2,127-246yd x LAT2,GREEN,True,4,0,Par,True
8240,,1,ROUGH,237.0,173.0,False,127-246yd,LAT1,127-246yd x LAT1,FRINGE,False,4,0,Par,False
8243,,1,ROUGH,267.4,142.6,False,261-296yd,LAT1,261-296yd x LAT1,ROUGH,False,5,1,Bogey,False
8243,,2,ROUGH,232.4,177.6,False,127-246yd,LAT1,127-246yd x LAT1,ROUGH,False,5,1,Bogey,False
8243,,3,ROUGH,254.0,156.0,False,246-261yd,LAT1,246-261yd x LAT1,ROUGH,False,4,0,Par,False
8243,,4,FAIRWAY,268.6,141.4,False,261-296yd,LAT2,261-296yd x LAT2,GREEN,True,4,0,Par,True
8246,,1,ROUGH,250.1,159.9,False,246-261yd,LAT1,246-261yd x LAT1,ROUGH,False,4,0,Par,False
8277,,1,FAIRWAY,247.8,162.2,False,246-261yd,LAT2,246-261yd x LAT2,GREEN,True,4,0,Par,True
8277,,2,ROUGH,228.8,181.2,False,127-246yd,LAT1,127-246yd x LAT1,ROUGH,False,6,2,Double+,False
8277,,3,BUNKER,236.9,173.1,False,127-246yd,LAT3,127-246yd x LAT3,FAIRWAY,False,5,1,Bogey,False
8277,,4,FAIRWAY,241.7,168.3,False,127-246yd,LAT3,127-246yd x LAT3,ROUGH,False,5,1,Bogey,True
8284,,1,FAIRWAY,262.9,147.1,False,261-296yd,LAT2,261-296yd x LAT2,GREEN,True,4,0,Par,True
8284,,2,ROUGH,248.7,161.3,False,246-261yd,LAT1,246-261yd x LAT1,GREEN,True,3,-1,Birdie+,False
8284,,3,FAIRWAY,261.7,148.3,False,261-296yd,LAT2,261-296yd x LAT2,GREEN,True,4,0,Par,True
8284,,4,ROUGH,257.1,152.9,False,246-261yd,LAT1,246-261yd x LAT1,GREEN,True,4,0,Par,False
8300,,1,FAIRWAY,264.8,145.2,False,261-296yd,LAT3,261-296yd x LAT3,GREEN,True,4,0,Par,True
8300,,2,ROUGH,224.1,185.9,False,127-246yd,LAT3,127-246yd x LAT3,FAIRWAY,False,5,1,Bogey,False
8300,,3,FAIRWAY,253.7,156.3,False,246-261yd,LAT1,246-261yd x LAT1,ROUGH,False,5,1,Bogey,True
8300,,4,ROUGH,233.6,176.4,False,127-246yd,LAT3,127-246yd x LAT3,ROUGH,False,5,1,Bogey,False
8318,,1,FAIRWAY,263.7,146.3,False,261-296yd,LAT2,261-296yd x LAT2,GREEN,True,4,0,Par,True
8318,,2,FAIRWAY,263.6,146.4,False,261-296yd,LAT2,261-296yd x LAT2,GREEN,True,5,1,Bogey,True
8380,,1,ROUGH,260.5,149.5,False,246-261yd,LAT3,246-261yd x LAT3,ROUGH,False,5,1,Bogey,False
8380,,2,FAIRWAY,242.7,167.3,False,127-246yd,LAT3,127-246yd x LAT3,GREEN,True,5,1,Bogey,True
8380,,3,ROUGH,247.0,163.0,False,246-261yd,LAT3,246-261yd x LAT3,ROUGH,False,5,1,Bogey,False
8380,,4,ROUGH,272.9,137.1,False,261-296yd,LAT1,261-296yd x LAT1,ROUGH,False,4,0,Par,False
8386,,1,FAIRWAY,215.0,195.0,False,127-246yd,LAT2,127-246yd x LAT2,ROUGH,False,5,1,Bogey,True
8386,,2,ROUGH,176.6,233.4,False,127-246yd,LAT3,127-246yd x LAT3,ROUGH,False,5,1,Bogey,False
8392,,1,ROUGH,255.3,154.7,False,246-261yd,LAT1,246-261yd x LAT1,ROUGH,False,5,1,Bogey,False
8392,,2,ROUGH,235.1,174.9,False,127-246yd,LAT1,127-246yd x LAT1,GREEN,True,3,-1,Birdie+,False
8392,,3,ROUGH,242.1,167.9,False,127-246yd,LAT3,127-246yd x LAT3,FAIRWAY,False,5,1,Bogey,False
8392,,4,FAIRWAY,260.8,149.2,False,246-261yd,LAT2,246-261yd x LAT2,GREEN,True,3,-1,Birdie+,True
8430,,1,FAIRWAY,262.2,147.8,False,261-296yd,LAT2,261-296yd x LAT2,GREEN,True,4,0,Par,True
8430,,2,ROUGH,226.7,183.3,False,127-246yd,LAT1,127-246yd x LAT1,ROUGH,False,6,2,Double+,False
8434,,1,FAIRWAY,268.9,141.1,False,261-296yd,LAT3,261-296yd x LAT3,ROUGH,False,4,0,Par,True
8434,,2,ROUGH,229.1,180.9,False,127-246yd,LAT1,127-246yd x LAT1,ROUGH,False,4,0,Par,False
8589,,1,FAIRWAY,247.0,163.0,False,246-261yd,LAT3,246-261yd x LAT3,GREEN,True,4,0,Par,True
8589,,2,FAIRWAY,249.5,160.5,False,246-261yd,LAT2,246-261yd x LAT2,GREEN,True,4,0,Par,True
8589,,3,FAIRWAY,239.9,170.1,False,127-246yd,LAT2,127-246yd x LAT2,GREEN,True,4,0,Par,True
8589,,4,ROUGH,262.3,147.7,False,261-296yd,LAT3,261-296yd x LAT3,GREEN,True,5,1,Bogey,False
8770,,1,ROUGH,238.5,171.5,False,127-246yd,LAT1,127-246yd x LAT1,GREEN,True,4,0,Par,False
8770,,2,FAIRWAY,254.2,155.8,False,246-261yd,LAT3,246-261yd x LAT3,GREEN,True,4,0,Par,True
8772,,1,FAIRWAY,270.3,139.7,False,261-296yd,LAT2,261-296yd x LAT2,ROUGH,False,4,0,Par,True
8772,,2,ROUGH,267.5,142.5,False,261-296yd,LAT1,261-296yd x LAT1,GREEN,True,4,0,Par,False
8772,,3,FAIRWAY,262.9,147.1,False,261-296yd,LAT3,261-296yd x LAT3,FRINGE,False,4,0,Par,True
8772,,4,ROUGH,261.5,148.5,False,261-296yd,LAT3,261-296yd x LAT3,ROUGH,False,6,2,Double+,False
8811,,1,ROUGH,265.5,144.5,False,261-296yd,LAT1,261-296yd x LAT1,ROUGH,False,4,0,Par,False
8811,,2,FAIRWAY,248.7,161.3,False,246-261yd,LAT2,246-261yd x LAT2,GREEN,True,4,0,Par,True
8838,,1,BUNKER,238.4,171.6,False,127-246yd,LAT3,127-246yd x LAT3,FAIRWAY,False,4,0,Par,False
8838,,2,FAIRWAY,242.1,167.9,False,127-246yd,LAT3,127-246yd x LAT3,GREEN,True,4,0,Par,True
8838,,3,FAIRWAY,266.5,143.5,False,261-296yd,LAT2,261-296yd x LAT2,GREEN,True,4,0,Par,True
8838,,4,FAIRWAY,268.9,141.1,False,261-296yd,LAT3,261-296yd x LAT3,GREEN,True,4,0,Par,True
8840,,1,ROUGH,254.1,155.9,False,246-261yd,LAT1,246-261yd x LAT1,GREEN,True,4,0,Par,False
8840,,2,BUNKER,221.5,188.5,False,127-246yd,LAT3,127-246yd x LAT3,FAIRWAY,False,5,1,Bogey,False
8859,,1,ROUGH,238.0,172.0,False,127-246yd,LAT1,127-246yd x LAT1,FAIRWAY,False,6,2,Double+,False
8859,,2,ROUGH,236.6,173.4,False,127-246yd,LAT1,127-246yd x LAT1,GREEN,True,5,1,Bogey,False
8859,,3,ROUGH,268.0,142.0,False,261-296yd,LAT2,261-296yd x LAT2,ROUGH,False,5,1,Bogey,False
8859,,4,ROUGH,255.6,154.4,False,246-261yd,LAT1,246-261yd x LAT1,FAIRWAY,False,5,1,Bogey,False
8881,,1,FAIRWAY,235.9,174.1,False,127-246yd,LAT3,127-246yd x LAT3,GREEN,True,5,1,Bogey,True
8881,,2,ROUGH,159.5,250.5,False,127-246yd,LAT3,127-246yd x LAT3,ROUGH,False,6,2,Double+,False
8881,,3,ROUGH,229.9,180.1,False,127-246yd,LAT1,127-246yd x LAT1,FAIRWAY,False,4,0,Par,False
8881,,4,FAIRWAY,229.7,180.3,False,127-246yd,LAT3,127-246yd x LAT3,FRINGE,False,4,0,Par,True
8883,,1,ROUGH,273.2,136.8,False,261-296yd,LAT1,261-296yd x LAT1,FRINGE,False,4,0,Par,False
8883,,2,FAIRWAY,222.9,187.1,False,127-246yd,LAT2,127-246yd x LAT2,GREEN,True,4,0,Par,True
8884,,1,ROUGH,254.0,156.0,False,246-261yd,LAT1,246-261yd x LAT1,ROUGH,False,5,1,Bogey,False
8884,,2,FAIRWAY,241.0,169.0,False,127-246yd,LAT3,127-246yd x LAT3,GREEN,True,4,0,Par,True
8884,,3,FAIRWAY,250.6,159.4,False,246-261yd,LAT2,246-261yd x LAT2,GREEN,True,4,0,Par,True
8884,,4,FAIRWAY,251.2,158.8,False,246-261yd,LAT3,246-261yd x LAT3,GREEN,True,4,0,Par,True
8972,,1,FAIRWAY,257.1,152.9,False,246-261yd,LAT2,246-261yd x LAT2,GREEN,True,4,0,Par,True
8972,,2,FAIRWAY,242.2,167.8,False,127-246yd,LAT2,127-246yd x LAT2,ROUGH,False,4,0,Par,True
9000,,1,ROUGH,262.1,147.9,False,261-296yd,LAT1,261-296yd x LAT1,ROUGH,False,4,0,Par,False
9000,,2,FAIRWAY,246.7,163.3,False,246-261yd,LAT2,246-261yd x LAT2,ROUGH,False,5,1,Bogey,True
9000,,3,FAIRWAY,261.5,148.5,False,261-296yd,LAT3,261-296yd x LAT3,GREEN,True,3,-1,Birdie+,True
9000,,4,FAIRWAY,257.0,153.0,False,246-261yd,LAT2,246-261yd x LAT2,ROUGH,False,4,0,Par,True
9082,,1,FAIRWAY,258.0,152.0,False,246-261yd,LAT3,246-261yd x LAT3,GREEN,True,4,0,Par,True
9082,,2,ROUGH,242.1,167.9,False,127-246yd,LAT1,127-246yd x LAT1,FRINGE,False,4,0,Par,False
9082,,3,FAIRWAY,249.6,160.4,False,246-261yd,LAT3,246-261yd x LAT3,GREEN,True,3,-1,Birdie+,True
9082,,4,FAIRWAY,243.6,166.4,False,127-246yd,LAT3,127-246yd x LAT3,FRINGE,False,4,0,Par,True
9089,,1,ROUGH,248.9,161.1,False,246-261yd,LAT1,246-261yd x LAT1,ROUGH,False,5,1,Bogey,False
9089,,2,ROUGH,234.2,175.8,False,127-246yd,LAT1,127-246yd x LAT1,ROUGH,False,4,0,Par,False
9089,,3,FAIRWAY,254.9,155.1,False,246-261yd,LAT1,246-261yd x LAT1,GREEN,True,4,0,Par,True
9089,,4,FAIRWAY,262.1,147.9,False,261-296yd,LAT2,261-296yd x LAT2,GREEN,True,4,0,Par,True
9111,,1,ROUGH,256.7,153.3,False,246-261yd,LAT1,246-261yd x LAT1,ROUGH,False,4,0,Par,False
9111,,2,ROUGH,232.4,177.6,False,127-246yd,LAT1,127-246yd x LAT1,ROUGH,False,6,2,Double+,False
9111,,3,ROUGH,247.3,162.7,False,246-261yd,LAT1,246-261yd x LAT1,GREEN,True,4,0,Par,False
9111,,4,ROUGH,260.9,149.1,False,246-261yd,LAT1,246-261yd x LAT1,ROUGH,False,5,1,Bogey,False
9113,,1,ROUGH,260.4,149.6,False,246-261yd,LAT1,246-261yd x LAT1,ROUGH,False,5,1,Bogey,False
9113,,2,FAIRWAY,241.6,168.4,False,127-246yd,LAT2,127-246yd x LAT2,GREEN,True,4,0,Par,True
9113,,3,ROUGH,241.4,168.6,False,127-246yd,LAT3,127-246yd x LAT3,ROUGH,False,4,0,Par,False
9113,,4,FAIRWAY,265.3,144.7,False,261-296yd,LAT2,261-296yd x LAT2,GREEN,True,4,0,Par,True
9115,,1,FAIRWAY,295.7,114.3,False,261-296yd,LAT2,261-296yd x LAT2,GREEN,True,4,0,Par,True
9115,,2,ROUGH,255.2,154.8,False,246-261yd,LAT1,246-261yd x LAT1,ROUGH,False,6,2,Double+,False
9115,,3,ROUGH,290.0,120.0,False,261-296yd,LAT1,261-296yd x LAT1,FRINGE,False,4,0,Par,False
9115,,4,FAIRWAY,293.5,116.5,False,261-296yd,LAT2,261-296yd x LAT2,FRINGE,False,4,0,Par,True
9130,,1,ROUGH,256.1,153.9,False,246-261yd,LAT1,246-261yd x LAT1,GREEN,True,4,0,Par,False
9130,,2,ROUGH,236.5,173.5,False,127-246yd,LAT1,127-246yd x LAT1,ROUGH,False,5,1,Bogey,False
9134,,1,FAIRWAY,257.5,152.5,False,246-261yd,LAT2,246-261yd x LAT2,GREEN,True,4,0,Par,True
9134,,2,FAIRWAY,242.7,167.3,False,127-246yd,LAT2,127-246yd x LAT2,ROUGH,False,5,1,Bogey,True
9134,,3,FAIRWAY,253.5,156.5,False,246-261yd,LAT2,246-261yd x LAT2,GREEN,True,4,0,Par,True
9134,,4,ROUGH,246.2,163.8,False,246-261yd,LAT1,246-261yd x LAT1,ROUGH,False,4,0,Par,False
9135,,1,FAIRWAY,282.8,127.2,False,261-296yd,LAT3,261-296yd x LAT3,GREEN,True,4,0,Par,True
9135,,2,ROUGH,243.1,166.9,False,127-246yd,LAT1,127-246yd x LAT1,FAIRWAY,False,5,1,Bogey,False
9135,,3,ROUGH,272.3,137.7,False,261-296yd,LAT1,261-296yd x LAT1,ROUGH,False,4,0,Par,False
9135,,4,FAIRWAY,286.2,123.8,False,261-296yd,LAT2,261-296yd x LAT2,ROUGH,False,4,0,Par,True
9136,,1,FAIRWAY,249.7,160.3,False,246-261yd,LAT3,246-261yd x LAT3,GREEN,True,4,0,Par,True
9136,,2,FAIRWAY,234.0,176.0,False,127-246yd,LAT2,127-246yd x LAT2,GREEN,True,4,0,Par,True
9145,,1,FAIRWAY,190.1,219.9,False,127-246yd,LAT3,127-246yd x LAT3,GREENSIDE_BUNKER,False,5,1,Bogey,True
9145,,2,ROUGH,127.2,282.8,False,127-246yd,LAT3,127-246yd x LAT3,PENALTY_STROKE,False,7,3,Double+,False
9145,,3,ROUGH,259.7,150.3,False,246-261yd,LAT1,246-261yd x LAT1,GREEN,True,4,0,Par,False
9145,,4,ROUGH,256.2,153.8,False,246-261yd,LAT1,246-261yd x LAT1,GREEN,True,4,0,Par,False
9174,,1,FAIRWAY,269.3,140.7,False,261-296yd,LAT2,261-296yd x LAT2,GREEN,True,4,0,Par,True
9174,,2,FAIRWAY,260.7,149.3,False,246-261yd,LAT3,246-261yd x LAT3,GREEN,True,5,1,Bogey,True
9183,,1,FAIRWAY,245.8,164.2,False,246-261yd,LAT3,246-261yd x LAT3,ROUGH,False,5,1,Bogey,True
9183,,2,ROUGH,213.8,196.2,False,127-246yd,LAT1,127-246yd x LAT1,ROUGH,False,5,1,Bogey,False
9235,,1,FAIRWAY,254.6,155.4,False,246-261yd,LAT2,246-261yd x LAT2,GREEN,True,4,0,Par,True
9235,,2,FAIRWAY,230.7,179.3,False,127-246yd,LAT2,127-246yd x LAT2,GREEN,True,4,0,Par,True
9235,,3,FAIRWAY,249.5,160.5,False,246-261yd,LAT2,246-261yd x LAT2,GREEN,True,4,0,Par,True
9235,,4,FAIRWAY,270.7,139.3,False,261-296yd,LAT3,261-296yd x LAT3,GREEN,True,4,0,Par,True
9277,,1,BUNKER,238.1,171.9,False,127-246yd,LAT3,127-246yd x LAT3,FAIRWAY,False,5,1,Bogey,False
9277,,2,FAIRWAY,245.2,164.8,False,127-246yd,LAT3,127-246yd x LAT3,GREEN,True,5,1,Bogey,True
9389,,1,ROUGH,241.7,168.3,False,127-246yd,LAT1,127-246yd x LAT1,GREEN,True,4,0,Par,False
9389,,2,BUNKER,220.8,189.2,False,127-246yd,LAT3,127-246yd x LAT3,FAIRWAY,False,6,2,Double+,False
9389,,3,FAIRWAY,231.1,178.9,False,127-246yd,LAT3,127-246yd x LAT3,GREEN,True,3,-1,Birdie+,True
9389,,4,FAIRWAY,235.4,174.6,False,127-246yd,LAT2,127-246yd x LAT2,ROUGH,False,4,0,Par,True
9391,,1,FAIRWAY,245.1,164.9,False,127-246yd,LAT2,127-246yd x LAT2,GREEN,True,4,0,Par,True
9391,,2,FAIRWAY,259.7,150.3,False,246-261yd,LAT2,246-261yd x LAT2,GREEN,True,4,0,Par,True
9426,,1,FAIRWAY,265.9,144.1,False,261-296yd,LAT2,261-296yd x LAT2,ROUGH,False,5,1,Bogey,True
9426,,2,FAIRWAY,246.8,163.2,False,246-261yd,LAT2,246-261yd x LAT2,FRINGE,False,4,0,Par,True
9426,,3,ROUGH,244.9,165.1,False,127-246yd,LAT1,127-246yd x LAT1,GREENSIDE_BUNKER,False,4,0,Par,False
9426,,4,ROUGH,254.7,155.3,False,246-261yd,LAT1,246-261yd x LAT1,ROUGH,False,5,1,Bogey,False
9431,,1,ROUGH,275.8,134.2,False,261-296yd,LAT1,261-296yd x LAT1,GREEN,True,4,0,Par,False
9431,,2,ROUGH,270.9,139.1,False,261-296yd,LAT1,261-296yd x LAT1,FRINGE,False,4,0,Par,False
9431,,3,FAIRWAY,286.0,124.0,False,261-296yd,LAT2,261-296yd x LAT2,GREEN,True,5,1,Bogey,True
9431,,4,ROUGH,282.1,127.9,False,261-296yd,LAT1,261-296yd x LAT1,ROUGH,False,6,2,Double+,False
9436,,1,FAIRWAY,245.6,164.4,False,127-246yd,LAT1,127-246yd x LAT1,GREEN,True,4,0,Par,True
9436,,2,FAIRWAY,220.5,189.5,False,127-246yd,LAT2,127-246yd x LAT2,ROUGH,False,5,1,Bogey,True
9449,,1,FAIRWAY,277.0,133.0,False,261-296yd,LAT1,261-296yd x LAT1,GREEN,True,4,0,Par,True
9449,,2,FAIRWAY,266.6,143.4,False,261-296yd,LAT3,261-296yd x LAT3,GREEN,True,4,0,Par,True
9449,,3,ROUGH,246.2,163.8,False,246-261yd,LAT1,246-261yd x LAT1,GREEN,True,3,-1,Birdie+,False
9449,,4,FAIRWAY,276.1,133.9,False,261-296yd,LAT2,261-296yd x LAT2,GREEN,True,4,0,Par,True
9465,,1,ROUGH,253.7,156.3,False,246-261yd,LAT1,246-261yd x LAT1,ROUGH,False,4,0,Par,False
9465,,2,FAIRWAY,250.2,159.8,False,246-261yd,LAT3,246-261yd x LAT3,GREEN,True,4,0,Par,True
9465,,3,FAIRWAY,253.3,156.7,False,246-261yd,LAT2,246-261yd x LAT2,ROUGH,False,4,0,Par,True
9465,,4,ROUGH,267.5,142.5,False,261-296yd,LAT3,261-296yd x LAT3,ROUGH,False,4,0,Par,False
9483,,1,ROUGH,271.7,138.3,False,261-296yd,LAT1,261-296yd x LAT1,GREEN,True,4,0,Par,False
9483,,2,FAIRWAY,234.7,175.3,False,127-246yd,LAT2,127-246yd x LAT2,GREEN,True,4,0,Par,True
9483,,3,ROUGH,253.7,156.3,False,246-261yd,LAT3,246-261yd x LAT3,FAIRWAY,False,4,0,Par,False
9483,,4,FAIRWAY,266.8,143.2,False,261-296yd,LAT2,261-296yd x LAT2,FRINGE,False,4,0,Par,True
9487,,1,FAIRWAY,281.0,129.0,False,261-296yd,LAT3,261-296yd x LAT3,GREEN,True,4,0,Par,True
9487,,2,FAIRWAY,251.9,158.1,False,246-261yd,LAT3,246-261yd x LAT3,ROUGH,False,6,2,Double+,True
9652,,1,BUNKER,231.0,179.0,False,127-246yd,LAT3,127-246yd x LAT3,FAIRWAY,False,5,1,Bogey,False
9652,,2,ROUGH,253.5,156.5,False,246-261yd,LAT1,246-261yd x LAT1,ROUGH,False,4,0,Par,False
9652,,3,FAIRWAY,273.7,136.3,False,261-296yd,LAT2,261-296yd x LAT2,GREEN,True,4,0,Par,True
9652,,4,ROUGH,282.2,127.8,False,261-296yd,LAT3,261-296yd x LAT3,FRINGE,False,4,0,Par,False
9702,,1,FAIRWAY,254.4,155.6,False,246-261yd,LAT2,246-261yd x LAT2,GREEN,True,4,0,Par,True
9702,,2,ROUGH,223.6,186.4,False,127-246yd,LAT3,127-246yd x LAT3,ROUGH,False,5,1,Bogey,False
9705,,1,FAIRWAY,254.8,155.2,False,246-261yd,LAT2,246-261yd x LAT2,GREEN,True,4,0,Par,True
9705,,2,ROUGH,218.8,191.2,False,127-246yd,LAT1,127-246yd x LAT1,GREEN,True,4,0,Par,False
9705,,3,FAIRWAY,232.5,177.5,False,127-246yd,LAT2,127-246yd x LAT2,FRINGE,False,3,-1,Birdie+,True
9705,,4,FAIRWAY,264.7,145.3,False,261-296yd,LAT3,261-296yd x LAT3,FRINGE,False,4,0,Par,True
9708,,1,FAIRWAY,289.9,120.1,False,261-296yd,LAT2,261-296yd x LAT2,GREEN,True,4,0,Par,True
9708,,2,FAIRWAY,269.6,140.4,False,261-296yd,LAT3,261-296yd x LAT3,GREEN,True,4,0,Par,True
9708,,3,ROUGH,208.5,201.5,False,127-246yd,LAT3,127-246yd x LAT3,FAIRWAY,False,4,0,Par,False
9708,,4,ROUGH,273.9,136.1,False,261-296yd,LAT1,261-296yd x LAT1,ROUGH,False,4,0,Par,False
9714,,1,FAIRWAY,270.0,140.0,False,261-296yd,LAT2,261-296yd x LAT2,GREEN,True,5,1,Bogey,True
9714,,2,FAIRWAY,242.7,167.3,False,127-246yd,LAT2,127-246yd x LAT2,GREEN,True,4,0,Par,True
9723,,1,ROUGH,293.1,116.9,False,261-296yd,LAT1,261-296yd x LAT1,FRINGE,False,4,0,Par,False
9723,,2,ROUGH,244.8,165.2,False,127-246yd,LAT1,127-246yd x LAT1,ROUGH,False,5,1,Bogey,False
9750,,1,BUNKER,239.1,170.9,False,127-246yd,LAT3,127-246yd x LAT3,FAIRWAY,False,5,1,Bogey,False
9750,,2,BUNKER,218.8,191.2,False,127-246yd,LAT3,127-246yd x LAT3,FAIRWAY,False,5,1,Bogey,False
9759,,1,ROUGH,275.7,134.3,False,261-296yd,LAT1,261-296yd x LAT1,GREEN,True,4,0,Par,False
9759,,2,FAIRWAY,264.8,145.2,False,261-296yd,LAT2,261-296yd x LAT2,GREEN,True,5,1,Bogey,True
9759,,3,ROUGH,266.4,143.6,False,261-296yd,LAT1,261-296yd x LAT1,GREEN,True,5,1,Bogey,False
9759,,4,FAIRWAY,278.8,131.2,False,261-296yd,LAT2,261-296yd x LAT2,ROUGH,False,3,-1,Birdie+,True
9765,,1,FAIRWAY,261.6,148.4,False,261-296yd,LAT2,261-296yd x LAT2,ROUGH,False,4,0,Par,True
9765,,2,FAIRWAY,242.3,167.7,False,127-246yd,LAT2,127-246yd x LAT2,GREEN,True,4,0,Par,True
9765,,3,ROUGH,257.7,152.3,False,246-261yd,LAT3,246-261yd x LAT3,GREEN,True,5,1,Bogey,False
9765,,4,FAIRWAY,254.9,155.1,False,246-261yd,LAT3,246-261yd x LAT3,GREEN,True,4,0,Par,True
9784,,1,FAIRWAY,278.6,131.4,False,261-296yd,LAT2,261-296yd x LAT2,ROUGH,False,5,1,Bogey,True
9784,,2,FAIRWAY,258.3,151.7,False,246-261yd,LAT2,246-261yd x LAT2,GREEN,True,3,-1,Birdie+,True
9784,,3,FAIRWAY,261.0,149.0,False,261-296yd,LAT3,261-296yd x LAT3,GREEN,True,4,0,Par,True
9784,,4,ROUGH,276.0,134.0,False,261-296yd,LAT1,261-296yd x LAT1,FRINGE,False,5,1,Bogey,False
9820,,1,FAIRWAY,275.7,134.3,False,261-296yd,LAT2,261-296yd x LAT2,GREEN,True,3,-1,Birdie+,True
9820,,2,FAIRWAY,254.7,155.3,False,246-261yd,LAT2,246-261yd x LAT2,GREEN,True,3,-1,Birdie+,True
9820,,3,FAIRWAY,273.4,136.6,False,261-296yd,LAT2,261-296yd x LAT2,GREEN,True,4,0,Par,True
9820,,4,FAIRWAY,271.7,138.3,False,261-296yd,LAT2,261-296yd x LAT2,FRINGE,False,4,0,Par,True
9937,,1,BUNKER,238.2,171.8,False,127-246yd,LAT3,127-246yd x LAT3,FAIRWAY,False,5,1,Bogey,False
9937,,2,ROUGH,239.7,170.3,False,127-246yd,LAT1,127-246yd x LAT1,GREEN,True,4,0,Par,False
9990,,1,FAIRWAY,255.7,154.3,False,246-261yd,LAT3,246-261yd x LAT3,GREEN,True,4,0,Par,True
9990,,2,ROUGH,245.6,164.4,False,127-246yd,LAT1,127-246yd x LAT1,GREEN,True,4,0,Par,False
9990,,3,ROUGH,245.0,165.0,False,127-246yd,LAT3,127-246yd x LAT3,GREEN,True,4,0,Par,False
9990,,4,FAIRWAY,262.6,147.4,False,261-296yd,LAT2,261-296yd x LAT2,GREEN,True,4,0,Par,True
