player_code,player_name,classification,total_score_to_par,birdie_or_better,par,bogey,double_or_worse,fw_hit,fw_miss,gir,fw_miss_to_gir,fw_miss_n,gir_miss_to_par_save,gir_miss_n
9115,"유해란 (TOP, #1)",DEFEND,0,4,9,2,1,11,5,9,0,5,4,7
9115,"유해란 (TOP, #1)",CONTROL,0,4,24,4,0,16,8,22,4,8,7,10
9115,"유해란 (TOP, #1)",ATTACK,-4,7,14,3,0,9,7,22,5,7,2,2
9708,"이재윤 (MID, #27)",DEFEND,0,1,14,1,0,11,5,10,2,5,6,6
9708,"이재윤 (MID, #27)",CONTROL,6,1,24,7,0,10,14,16,6,14,10,16
9708,"이재윤 (MID, #27)",ATTACK,3,2,17,5,0,11,5,17,4,5,3,7
9111,"박서현 (BOTTOM, #61)",DEFEND,10,0,9,5,2,5,11,6,3,11,4,10
9111,"박서현 (BOTTOM, #61)",CONTROL,14,1,19,9,3,17,7,20,5,7,5,12
9111,"박서현 (BOTTOM, #61)",ATTACK,2,3,16,5,0,9,7,16,3,7,4,8
