hole,par,n_player_rounds,avg_score_to_par,stdev_score_to_par,birdie_or_better_rate,bogey_or_worse_rate,par_rate,gir_rate,FW_to_GIR_rate,FW_to_GIR_n,FW_to_GIR_Miss_rate,FW_to_GIR_Miss_n,Rough_to_GIR_rate,Rough_to_GIR_n,Rough_to_GIR_Miss_rate,Rough_to_GIR_Miss_n,Bunker_to_GIR_rate,Bunker_to_GIR_n,OtherTeeMiss_to_GIR_rate,OtherTeeMiss_to_GIR_n,FWMiss_to_GIR_rate,FWMiss_to_GIR_n,FWHit_to_ParOrBetter_rate,FWHit_to_ParOrBetter_n,FWMiss_to_ParOrBetter_rate,FWMiss_to_ParOrBetter_n,GIRMiss_to_ParSave_rate,GIRMiss_to_ParSave_n,Rough_to_ParSave_rate,Rough_to_ParSave_n,Bunker_to_ParSave_rate,Bunker_to_ParSave_n
1,4,331,0.3685800604229607,0.6710077928696799,0.06042296072507553,0.38368580060422963,0.5558912386706949,0.4501510574018127,0.5581395348837209,172,0.4418604651162791,172,0.3559322033898305,118,0.6440677966101696,118,0.2682926829268293,41,,0,0.3333333333333333,159,0.6976744186046512,172,0.5283018867924528,159,0.44505494505494503,182,0.5338983050847458,118,0.5121951219512195,41
2,3,331,0.15709969788519637,0.8296448767275498,0.1540785498489426,0.21148036253776434,0.6344410876132931,0.7250755287009063,,0,,0,,0,,0,,0,,0,,0,,0,,0,0.46153846153846156,91,,0,,0
3,4,331,0.2688821752265861,0.604788261379317,0.054380664652567974,0.2930513595166163,0.6525679758308157,0.48036253776435045,0.52,275,0.48,275,0.2857142857142857,56,0.7142857142857143,56,,0,,0,0.2857142857142857,56,0.72,275,0.6428571428571429,56,0.5,172,0.6428571428571429,56,,0
4,5,331,0.08459214501510574,0.64012701708705,0.1419939577039275,0.2054380664652568,0.6525679758308157,0.6948640483383686,0.7345132743362832,226,0.2654867256637168,226,0.6210526315789474,95,0.3789473684210526,95,0.7142857142857143,7,0.0,3,0.6095238095238096,105,0.8362831858407079,226,0.7047619047619048,105,0.49504950495049505,101,0.7368421052631579,95,0.5714285714285714,7
5,3,331,0.10574018126888217,0.5365749431853372,0.08459214501510574,0.1782477341389728,0.7371601208459214,0.6827794561933535,,0,,0,,0,,0,,0,,0,,0,,0,,0,0.580952380952381,105,,0,,0
6,4,331,0.3202416918429003,0.7617248289237725,0.07250755287009064,0.3202416918429003,0.6072507552870091,0.44410876132930516,0.5922330097087378,206,0.4077669902912622,206,0.20833333333333334,120,0.7916666666666666,120,,0,0.0,5,0.2,125,0.7427184466019418,206,0.576,125,0.45652173913043476,184,0.6,120,,0
7,5,331,-0.08761329305135952,0.6560414439176036,0.22356495468277945,0.1027190332326284,0.6737160120845922,0.8187311178247734,0.8636363636363636,220,0.13636363636363635,220,0.782608695652174,92,0.21739130434782605,92,0.5294117647058824,17,0.0,2,0.7297297297297297,111,0.9136363636363637,220,0.8648648648648649,111,0.5666666666666667,60,0.8804347826086957,92,0.8823529411764706,17
8,4,331,0.3867069486404834,0.8972962249610548,0.09667673716012085,0.34441087613293053,0.5589123867069486,0.46827794561933533,0.6595744680851063,188,0.34042553191489366,188,0.2246376811594203,138,0.7753623188405797,138,,0,0.0,5,0.21678321678321677,143,0.776595744680851,188,0.4965034965034965,143,0.4318181818181818,176,0.5144927536231884,138,,0
9,4,331,0.1268882175226586,0.6701911502228332,0.1268882175226586,0.21148036253776434,0.6616314199395771,0.6737160120845922,0.8289473684210527,152,0.17105263157894735,152,0.5418994413407822,179,0.45810055865921784,179,,0,,0,0.5418994413407822,179,0.9407894736842105,152,0.659217877094972,179,0.48148148148148145,108,0.659217877094972,179,,0
10,5,331,0.27794561933534745,0.8160567686201243,0.09667673716012085,0.26586102719033233,0.6374622356495468,0.5377643504531722,0.6263736263736264,182,0.37362637362637363,182,0.463768115942029,138,0.536231884057971,138,,0,0.0,11,0.42953020134228187,149,0.8461538461538461,182,0.5973154362416108,149,0.5620915032679739,153,0.644927536231884,138,,0
11,3,331,0.24471299093655588,0.7106829355249367,0.10876132930513595,0.311178247734139,0.5800604229607251,0.6042296072507553,,0,,0,,0,,0,,0,,0,,0,,0,,0,0.44274809160305345,131,,0,,0
12,4,331,0.3776435045317221,0.7532298268155854,0.06042296072507553,0.3564954682779456,0.5830815709969789,0.5226586102719033,0.7325581395348837,172,0.2674418604651163,172,0.32413793103448274,145,0.6758620689655173,145,0.0,12,0.0,2,0.29559748427672955,159,0.7616279069767442,172,0.5157232704402516,159,0.4177215189873418,158,0.5517241379310345,145,0.16666666666666666,12
13,4,331,0.1148036253776435,0.5702531960985161,0.09667673716012085,0.19637462235649547,0.7069486404833837,0.6435045317220544,0.7973568281938326,227,0.20264317180616742,227,0.352112676056338,71,0.647887323943662,71,0.23333333333333334,30,0.0,3,0.3076923076923077,104,0.9074889867841409,227,0.5769230769230769,104,0.576271186440678,118,0.6338028169014085,71,0.5,30
14,4,331,0.2054380664652568,0.6457628840043308,0.09969788519637462,0.27794561933534745,0.622356495468278,0.552870090634441,0.6293103448275862,232,0.3706896551724138,232,0.38144329896907214,97,0.6185567010309279,97,,0,0.0,2,0.37373737373737376,99,0.7844827586206896,232,0.5757575757575758,99,0.49324324324324326,148,0.5876288659793815,97,,0
15,4,331,0.256797583081571,0.6295162038186876,0.0755287009063444,0.30513595166163143,0.6193353474320241,0.48942598187311176,0.5958549222797928,193,0.40414507772020725,193,0.34057971014492755,138,0.6594202898550725,138,,0,,0,0.34057971014492755,138,0.7668393782383419,193,0.5942028985507246,138,0.5443786982248521,169,0.5942028985507246,138,,0
16,3,331,0.09365558912386707,0.7335232955999386,0.13897280966767372,0.1540785498489426,0.7069486404833837,0.7794561933534743,,0,,0,,0,,0,,0,,0,,0,,0,,0,0.4931506849315068,73,,0,,0
17,4,331,0.15709969788519637,0.6405973791274234,0.1148036253776435,0.25075528700906347,0.6344410876132931,0.595166163141994,0.7262569832402235,179,0.2737430167597765,179,0.4172661870503597,139,0.5827338129496402,139,0.75,12,0.0,1,0.4407894736842105,152,0.8603351955307262,179,0.618421052631579,152,0.5223880597014925,134,0.5971223021582733,139,0.9166666666666666,12
18,5,331,0.04833836858006042,0.6669282656242552,0.15709969788519637,0.1782477341389728,0.6646525679758308,0.743202416918429,0.848314606741573,178,0.151685393258427,178,0.6197183098591549,142,0.3802816901408451,142,0.7,10,0.0,1,0.6209150326797386,153,0.8820224719101124,178,0.7516339869281046,153,0.49411764705882355,85,0.7535211267605634,142,0.8,10
