player_code,player_name,round,tee_lie,landing_distance_yd,landing_zone,approach_distance_yd,approach_lie,pin_distance_map,gir,putts,strokes,score_to_par,score_bucket,penalty_involved,fw_hit,unreliable_distance_state
10002,김민별,1,ROUGH,266.5,261-296yd x LAT1,143.5,FRINGE,24.08318915758459,False,2,4,0,Par,False,False,False
10002,김민별,2,ROUGH,233.0,127-246yd x LAT1,177.0,ROUGH,44.94441010848846,False,2,4,0,Par,False,False,False
10002,김민별,3,FAIRWAY,255.0,246-261yd x LAT2,155.0,GREEN,9.433981132056603,True,2,3,-1,Birdie+,False,True,False
10002,김민별,4,FAIRWAY,260.7,246-261yd x LAT3,149.3,FRINGE,13.0,False,1,3,-1,Birdie+,False,True,False
10022,손예빈,1,ROUGH,207.3,127-246yd x LAT3,202.7,FAIRWAY,147.36349615830918,False,3,5,1,Bogey,False,False,False
10022,손예빈,2,ROUGH,232.3,127-246yd x LAT1,177.7,ROUGH,286.09439001839934,False,2,5,1,Bogey,False,False,False
10022,손예빈,3,ROUGH,234.8,127-246yd x LAT1,175.2,ROUGH,86.68333173107735,False,3,6,2,Double+,False,False,False
10022,손예빈,4,FAIRWAY,247.6,246-261yd x LAT2,162.4,ROUGH,51.264022471905186,False,2,4,0,Par,False,True,False
10081,김민주,1,FAIRWAY,267.9,261-296yd x LAT3,142.1,GREEN,22.090722034374522,True,3,4,0,Par,False,True,False
10081,김민주,2,ROUGH,246.0,246-261yd x LAT1,164.0,GREEN,9.055385138137417,True,2,3,-1,Birdie+,False,False,False
10081,김민주,3,FAIRWAY,254.1,246-261yd x LAT2,155.9,GREEN,13.601470508735444,True,3,4,0,Par,False,True,False
10081,김민주,4,FAIRWAY,258.2,246-261yd x LAT2,151.8,GREEN,29.698484809834994,True,3,4,0,Par,False,True,False
10083,마서영,1,FAIRWAY,256.2,246-261yd x LAT2,153.8,ROUGH,44.28317965096906,False,3,5,1,Bogey,False,True,False
10083,마서영,2,ROUGH,231.8,127-246yd x LAT1,178.2,ROUGH,111.32385189167684,False,3,5,1,Bogey,False,False,False
10083,마서영,3,ROUGH,249.9,246-261yd x LAT2,160.1,FRINGE,24.351591323771842,False,2,4,0,Par,False,False,False
10083,마서영,4,FAIRWAY,259.6,246-261yd x LAT2,150.4,GREEN,22.02271554554524,True,3,4,0,Par,False,True,False
10095,방신실,1,FAIRWAY,268.7,261-296yd x LAT3,141.3,GREEN,8.602325267042627,True,3,4,0,Par,False,True,False
10095,방신실,2,FAIRWAY,248.7,246-261yd x LAT3,161.3,GREEN,35.510561809129406,True,4,5,1,Bogey,False,True,False
10095,방신실,3,LOST_BALL,27.6,127-246yd x LAT3,382.4,PENALTY_STROKE,820.137183646736,False,3,6,2,Double+,True,False,True
10095,방신실,4,ROUGH,269.0,261-296yd x LAT3,141.0,GREEN,36.6742416417845,True,3,4,0,Par,False,False,False
10097,김민선7,1,ROUGH,252.0,246-261yd x LAT1,158.0,GREEN,12.36931687685298,True,3,4,0,Par,False,False,False
10097,김민선7,2,FAIRWAY,238.8,127-246yd x LAT3,171.2,GREEN,36.71511950137164,True,3,4,0,Par,False,True,False
10097,김민선7,3,FAIRWAY,264.7,261-296yd x LAT2,145.3,GREEN,10.198039027185569,True,3,4,0,Par,False,True,False
10097,김민선7,4,FAIRWAY,264.7,261-296yd x LAT2,145.3,GREEN,24.758836806279895,True,3,4,0,Par,False,True,False
10109,고지원,1,FAIRWAY,278.9,261-296yd x LAT2,131.1,GREEN,32.2490309931942,True,4,5,1,Bogey,False,True,False
10109,고지원,2,FAIRWAY,247.2,246-261yd x LAT2,162.8,GREEN,36.05551275463989,True,4,5,1,Bogey,False,True,False
10109,고지원,3,ROUGH,258.8,246-261yd x LAT1,151.2,ROUGH,41.048751503547585,False,2,4,0,Par,False,False,False
10109,고지원,4,ROUGH,264.7,261-296yd x LAT1,145.3,GREEN,17.204650534085253,True,3,4,0,Par,False,False,False
10112,고지우,1,ROUGH,266.7,261-296yd x LAT1,143.3,GREEN,19.1049731745428,True,3,4,0,Par,False,False,False
10138,임진영,1,ROUGH,259.4,246-261yd x LAT1,150.6,ROUGH,56.92099788303083,False,3,5,1,Bogey,False,False,False
10138,임진영,2,ROUGH,241.1,127-246yd x LAT1,168.9,GREEN,50.59644256269407,True,3,4,0,Par,False,False,False
10138,임진영,3,BUNKER,237.9,127-246yd x LAT3,172.1,FAIRWAY,117.34138229968147,False,3,5,1,Bogey,False,False,False
10138,임진영,4,ROUGH,252.4,246-261yd x LAT1,157.6,GREEN,18.439088914585774,True,3,4,0,Par,False,False,False
10139,양효리,1,ROUGH,256.5,246-261yd x LAT3,153.5,ROUGH,44.94441010848846,False,2,5,1,Bogey,False,False,False
10139,양효리,2,ROUGH,186.2,127-246yd x LAT3,223.8,BUNKER,419.9011788504529,False,4,8,4,Double+,False,False,False
10178,김희지,1,ROUGH,228.0,127-246yd x LAT1,182.0,FAIRWAY,192.89893727027115,False,3,5,1,Bogey,False,False,False
10178,김희지,2,PENALTY_AREA,410.0,261-296yd x LAT1,0.0,PENALTY_STROKE,455.1593127686173,False,3,7,3,Double+,True,False,True
10296,문정민,1,FAIRWAY,283.4,261-296yd x LAT2,126.6,GREEN,23.769728648009426,True,2,3,-1,Birdie+,False,True,False
10296,문정민,2,ROUGH,253.6,246-261yd x LAT3,156.4,ROUGH,316.39374203672236,False,2,4,0,Par,False,False,False
10296,문정민,3,FAIRWAY,284.0,261-296yd x LAT2,126.0,GREEN,16.278820596099706,True,4,5,1,Bogey,False,True,False
10296,문정민,4,FAIRWAY,284.0,261-296yd x LAT3,126.0,GREEN,10.04987562112089,True,3,4,0,Par,False,True,False
10481,이서윤4,1,FAIRWAY,261.3,261-296yd x LAT2,148.7,GREEN,16.1245154965971,True,4,5,1,Bogey,False,True,False
10481,이서윤4,2,FAIRWAY,239.2,127-246yd x LAT3,170.8,GREEN,32.7566787083184,True,3,4,0,Par,False,True,False
10481,이서윤4,3,FAIRWAY,255.7,246-261yd x LAT2,154.3,GREEN,6.082762530298219,True,3,4,0,Par,False,True,False
10481,이서윤4,4,FAIRWAY,250.7,246-261yd x LAT2,159.3,ROUGH,42.720018726587654,False,3,5,1,Bogey,False,True,False
10531,현세린,1,ROUGH,278.8,261-296yd x LAT1,131.2,GREEN,25.495097567963924,True,4,5,1,Bogey,False,False,False
10531,현세린,2,FAIRWAY,238.8,127-246yd x LAT2,171.2,ROUGH,20.8806130178211,False,3,5,1,Bogey,False,True,False
10531,현세린,3,FAIRWAY,235.2,127-246yd x LAT2,174.8,GREEN,22.847319317591726,True,4,5,1,Bogey,False,True,False
10531,현세린,4,ROUGH,265.3,261-296yd x LAT3,144.7,GREEN,21.095023109728988,True,3,4,0,Par,False,False,False
10577,최예본,1,ROUGH,283.4,261-296yd x LAT1,126.6,GREEN,8.54400374531753,True,3,4,0,Par,False,False,False
10577,최예본,2,FAIRWAY,262.0,261-296yd x LAT3,148.0,GREEN,15.0,True,3,4,0,Par,False,True,False
10577,최예본,3,FAIRWAY,257.3,246-261yd x LAT2,152.7,GREEN,3.1622776601683795,True,2,3,-1,Birdie+,False,True,False
10577,최예본,4,FAIRWAY,277.4,261-296yd x LAT2,132.6,GREEN,15.0,True,3,4,0,Par,False,True,False
10586,홍진영2,1,ROUGH,247.6,246-261yd x LAT1,162.4,GREEN,21.400934559032695,True,3,4,0,Par,False,False,False
10586,홍진영2,2,FAIRWAY,246.6,246-261yd x LAT2,163.4,GREEN,1.0,True,2,3,-1,Birdie+,False,True,False
10586,홍진영2,3,ROUGH,262.2,261-296yd x LAT1,147.8,ROUGH,28.071337695236398,False,2,4,0,Par,False,False,False
10586,홍진영2,4,ROUGH,248.0,246-261yd x LAT1,162.0,ROUGH,67.11929677819934,False,3,6,2,Double+,False,False,False
10725,김민솔,1,FAIRWAY,294.3,261-296yd x LAT2,115.7,GREEN,29.832867780352597,True,3,4,0,Par,False,True,False
10725,김민솔,2,FAIRWAY,275.6,261-296yd x LAT2,134.4,GREEN,9.433981132056603,True,3,4,0,Par,False,True,False
10725,김민솔,3,FAIRWAY,274.4,261-296yd x LAT2,135.6,GREEN,16.55294535724685,True,3,4,0,Par,False,True,False
10725,김민솔,4,FAIRWAY,255.1,246-261yd x LAT2,154.9,GREEN,6.082762530298219,True,3,4,0,Par,False,True,False
10726,김가희2,1,ROUGH,235.3,127-246yd x LAT1,174.7,GREENSIDE_BUNKER,29.154759474226502,False,2,4,0,Par,False,False,False
10726,김가희2,2,FAIRWAY,239.4,127-246yd x LAT3,170.6,GREEN,30.886890422961002,True,3,4,0,Par,False,True,False
10726,김가희2,3,FAIRWAY,253.8,246-261yd x LAT3,156.2,GREEN,24.166091947189145,True,3,4,0,Par,False,True,False
10726,김가희2,4,FAIRWAY,248.1,246-261yd x LAT2,161.9,ROUGH,23.021728866442675,False,3,5,1,Bogey,False,True,False
10727,황민정,1,ROUGH,193.1,127-246yd x LAT3,216.9,ROUGH,323.83946640272245,False,3,6,2,Double+,False,False,False
10727,황민정,2,BUNKER,220.5,127-246yd x LAT3,189.5,FAIRWAY,196.70282153543198,False,3,5,1,Bogey,False,False,False
10789,리 슈잉,1,ROUGH,255.6,246-261yd x LAT1,154.4,FRINGE,17.46424919657298,False,2,4,0,Par,False,False,False
10789,리 슈잉,2,ROUGH,247.3,246-261yd x LAT1,162.7,GREEN,10.198039027185569,True,3,4,0,Par,False,False,False
10790,김하은2,1,ROUGH,254.8,246-261yd x LAT3,155.2,ROUGH,27.85677655436824,False,2,4,0,Par,False,False,False
10790,김하은2,2,FAIRWAY,254.0,246-261yd x LAT2,156.0,GREEN,31.11269837220809,True,4,5,1,Bogey,False,True,False
10790,김하은2,3,FAIRWAY,258.7,246-261yd x LAT2,151.3,GREEN,12.083045973594572,True,3,4,0,Par,False,True,False
10790,김하은2,4,FAIRWAY,250.7,246-261yd x LAT2,159.3,GREEN,44.94441010848846,True,4,5,1,Bogey,False,True,False
10867,양서후,1,FAIRWAY,237.0,127-246yd x LAT2,173.0,ROUGH,28.284271247461902,False,2,4,0,Par,False,True,False
10867,양서후,2,ROUGH,215.6,127-246yd x LAT1,194.4,GREEN,15.033296378372908,True,3,4,0,Par,False,False,False
11040,이세영,1,ROUGH,258.7,246-261yd x LAT3,151.3,GREEN,13.152946437965905,True,3,4,0,Par,False,False,False
11040,이세영,2,ROUGH,235.2,127-246yd x LAT1,174.8,FRINGE,58.463663928973865,False,2,4,0,Par,False,False,False
11042,홍현지,1,ROUGH,203.0,127-246yd x LAT3,207.0,FAIRWAY,204.0245083317198,False,2,4,0,Par,False,False,False
11042,홍현지,2,FAIRWAY,249.7,246-261yd x LAT2,160.3,ROUGH,42.04759208325728,False,3,5,1,Bogey,False,True,False
11042,홍현지,3,FAIRWAY,261.6,261-296yd x LAT3,148.4,FRINGE,22.20360331117452,False,3,5,1,Bogey,False,True,False
11042,홍현지,4,FAIRWAY,273.6,261-296yd x LAT3,136.4,GREEN,10.770329614269007,True,3,4,0,Par,False,True,False
11045,양효진,1,ROUGH,260.6,246-261yd x LAT1,149.4,ROUGH,41.43669871020132,False,2,5,1,Bogey,False,False,False
11045,양효진,2,ROUGH,248.0,246-261yd x LAT3,162.0,ROUGH,346.2383572049752,False,3,6,2,Double+,False,False,False
11056,박예지,1,ROUGH,293.3,261-296yd x LAT1,116.7,ROUGH,27.0,False,3,5,1,Bogey,False,False,False
11056,박예지,2,FAIRWAY,251.8,246-261yd x LAT3,158.2,GREEN,23.323807579381203,True,3,4,0,Par,False,True,False
11057,송은아,1,FAIRWAY,276.7,261-296yd x LAT3,133.3,ROUGH,21.2602916254693,False,2,5,1,Bogey,False,True,False
11057,송은아,2,FAIRWAY,237.4,127-246yd x LAT3,172.6,GREENSIDE_BUNKER,77.62087348130012,False,3,5,1,Bogey,False,True,False
11060,안재희,1,ROUGH,276.4,261-296yd x LAT1,133.6,ROUGH,213.9369065869655,False,3,5,1,Bogey,False,False,False
11060,안재희,2,ROUGH,189.5,127-246yd x LAT3,220.5,FAIRWAY,278.01618657912707,False,3,5,1,Bogey,False,False,False
11060,안재희,3,FAIRWAY,257.6,246-261yd x LAT3,152.4,GREEN,10.295630140987,True,3,4,0,Par,False,True,False
11060,안재희,4,ROUGH,265.0,261-296yd x LAT3,145.0,ROUGH,30.610455730027933,False,3,5,1,Bogey,False,False,False
11066,유서연2,1,ROUGH,271.9,261-296yd x LAT1,138.1,ROUGH,25.179356624028344,False,2,4,0,Par,False,False,False
11066,유서연2,2,ROUGH,241.0,127-246yd x LAT1,169.0,GREEN,29.154759474226502,True,4,5,1,Bogey,False,False,False
11066,유서연2,3,FAIRWAY,267.1,261-296yd x LAT3,142.9,GREEN,10.0,True,2,3,-1,Birdie+,False,True,False
11066,유서연2,4,ROUGH,264.5,261-296yd x LAT1,145.5,ROUGH,21.095023109728988,False,3,5,1,Bogey,False,False,False
11073,최정원,1,FAIRWAY,280.5,261-296yd x LAT2,129.5,GREEN,16.492422502470642,True,4,5,1,Bogey,False,True,False
11073,최정원,2,FAIRWAY,256.3,246-261yd x LAT3,153.7,GREEN,35.4400902933387,True,3,4,0,Par,False,True,False
11076,조하리,1,BUNKER,236.8,127-246yd x LAT3,173.2,FAIRWAY,134.80726983364065,False,2,4,0,Par,False,False,False
11134,서교림,1,ROUGH,252.4,246-261yd x LAT1,157.6,GREEN,65.76473218982953,True,3,4,0,Par,False,False,False
11134,서교림,2,ROUGH,249.7,246-261yd x LAT3,160.3,ROUGH,159.52429282087414,False,4,6,2,Double+,False,False,False
11134,서교림,3,ROUGH,250.1,246-261yd x LAT1,159.9,ROUGH,34.48187929913333,False,3,5,1,Bogey,False,False,False
11134,서교림,4,FAIRWAY,256.8,246-261yd x LAT2,153.2,ROUGH,21.37755832643195,False,2,4,0,Par,False,True,False
11143,김시현,1,ROUGH,254.2,246-261yd x LAT1,155.8,ROUGH,42.37924020083418,False,3,6,2,Double+,False,False,False
11143,김시현,2,ROUGH,251.4,246-261yd x LAT1,158.6,ROUGH,25.238858928247925,False,2,4,0,Par,False,False,False
11143,김시현,3,FAIRWAY,284.2,261-296yd x LAT3,125.8,GREEN,13.416407864998739,True,3,4,0,Par,False,True,False
11143,김시현,4,FAIRWAY,272.7,261-296yd x LAT2,137.3,ROUGH,31.064449134018133,False,3,5,1,Bogey,False,True,False
11216,김지윤2,1,FAIRWAY,259.4,246-261yd x LAT3,150.6,GREEN,23.345235059857504,True,3,4,0,Par,False,True,False
11216,김지윤2,2,ROUGH,247.6,246-261yd x LAT1,162.4,GREEN,26.92582403567252,True,3,4,0,Par,False,False,False
11447,한아름,1,FAIRWAY,277.9,261-296yd x LAT2,132.1,GREEN,11.313708498984761,True,3,4,0,Par,False,True,False
11447,한아름,2,ROUGH,239.1,127-246yd x LAT1,170.9,GREEN,20.615528128088304,True,4,5,1,Bogey,False,False,False
11447,한아름,3,FAIRWAY,260.5,246-261yd x LAT3,149.5,GREEN,23.194827009486403,True,3,4,0,Par,False,True,False
11447,한아름,4,ROUGH,259.6,246-261yd x LAT1,150.4,GREEN,23.430749027719962,True,4,5,1,Bogey,False,False,False
11469,이윤서,1,ROUGH,239.0,127-246yd x LAT1,171.0,GREEN,53.85164807134504,True,3,4,0,Par,False,False,False
11469,이윤서,2,FAIRWAY,241.7,127-246yd x LAT3,168.3,FRINGE,51.088159097779204,False,3,5,1,Bogey,False,True,False
11640,성아진,1,ROUGH,263.0,261-296yd x LAT3,147.0,GREEN,22.67156809750927,True,3,4,0,Par,False,False,False
11640,성아진,2,FAIRWAY,224.8,127-246yd x LAT2,185.2,GREEN,22.20360331117452,True,3,4,0,Par,False,True,False
11640,성아진,3,FAIRWAY,229.6,127-246yd x LAT2,180.4,ROUGH,32.449961479175904,False,2,4,0,Par,False,True,False
11640,성아진,4,FAIRWAY,248.3,246-261yd x LAT2,161.7,GREEN,23.021728866442675,True,3,4,0,Par,False,True,False
11770,짜라위 분짠(I),1,ROUGH,262.1,261-296yd x LAT1,147.9,FRINGE,19.0,False,3,5,1,Bogey,False,False,False
11770,짜라위 분짠(I),2,FAIRWAY,244.6,127-246yd x LAT3,165.4,GREEN,27.294688127912362,True,3,4,0,Par,False,True,False
11770,짜라위 분짠(I),3,ROUGH,239.0,127-246yd x LAT3,171.0,ROUGH,356.5851931867054,False,3,8,4,Double+,True,False,False
11770,짜라위 분짠(I),4,FAIRWAY,279.7,261-296yd x LAT2,130.3,GREEN,9.486832980505138,True,3,4,0,Par,False,True,False
11978,이수민 0906(A),1,FAIRWAY,221.5,127-246yd x LAT2,188.5,GREEN,12.165525060596439,True,3,4,0,Par,False,True,False
12038,이지민,1,FAIRWAY,271.2,261-296yd x LAT3,138.8,GREEN,15.811388300841896,True,3,4,0,Par,False,True,False
12038,이지민,2,FAIRWAY,262.4,261-296yd x LAT3,147.6,ROUGH,61.07372593840988,False,3,5,1,Bogey,False,True,False
12078,임선아 1108(A),1,ROUGH,241.4,127-246yd x LAT1,168.6,GREEN,66.03786792439622,True,3,4,0,Par,False,False,False
12078,임선아 1108(A),2,ROUGH,236.9,127-246yd x LAT1,173.1,ROUGH,29.546573405388315,False,3,5,1,Bogey,False,False,False
12080,양아연 1012(A),1,FAIRWAY,269.9,261-296yd x LAT2,140.1,GREEN,17.46424919657298,True,3,4,0,Par,False,True,False
12080,양아연 1012(A),2,ROUGH,244.3,127-246yd x LAT1,165.7,GREEN,7.810249675906654,True,3,4,0,Par,False,False,False
13386,에리카 윤 스미스(I),1,FAIRWAY,210.6,127-246yd x LAT3,199.4,GREEN,14.422205101855956,True,3,4,0,Par,False,True,False
13386,에리카 윤 스미스(I),2,FAIRWAY,228.0,127-246yd x LAT2,182.0,GREEN,34.66987164671943,True,4,5,1,Bogey,False,True,False
1521,지한솔,1,ROUGH,262.9,261-296yd x LAT1,147.1,ROUGH,81.04319835741924,False,2,4,0,Par,False,False,False
1521,지한솔,2,ROUGH,241.3,127-246yd x LAT1,168.7,GREENSIDE_BUNKER,37.589892258425,False,2,4,0,Par,False,False,False
6916,안송이,1,ROUGH,235.9,127-246yd x LAT3,174.1,ROUGH,155.08062419270823,False,2,5,1,Bogey,False,False,False
6916,안송이,2,FAIRWAY,244.8,127-246yd x LAT2,165.2,GREEN,6.324555320336759,True,2,3,-1,Birdie+,False,True,False
8179,박성현,1,FAIRWAY,261.4,261-296yd x LAT2,148.6,ROUGH,26.570660511172846,False,3,5,1,Bogey,False,True,False
8179,박성현,2,ROUGH,248.9,246-261yd x LAT3,161.1,ROUGH,177.72169254201918,False,3,5,1,Bogey,False,False,False
8179,박성현,3,FAIRWAY,261.5,261-296yd x LAT2,148.5,GREEN,10.63014581273465,True,3,4,0,Par,False,True,False
8179,박성현,4,ROUGH,270.1,261-296yd x LAT3,139.9,ROUGH,216.00462958001617,False,3,5,1,Bogey,False,False,False
8234,이주미,1,ROUGH,242.7,127-246yd x LAT1,167.3,GREEN,64.07027391856539,True,3,4,0,Par,False,False,False
8234,이주미,2,FAIRWAY,214.5,127-246yd x LAT2,195.5,GREEN,46.14108798023731,True,3,4,0,Par,False,True,False
8240,황정미,1,ROUGH,237.0,127-246yd x LAT1,173.0,FRINGE,21.37755832643195,False,2,4,0,Par,False,False,False
8243,장은수,1,ROUGH,267.4,261-296yd x LAT1,142.6,ROUGH,24.020824298928627,False,3,5,1,Bogey,False,False,False
8243,장은수,2,ROUGH,232.4,127-246yd x LAT1,177.6,ROUGH,41.88078318274385,False,3,5,1,Bogey,False,False,False
8243,장은수,3,ROUGH,254.0,246-261yd x LAT1,156.0,ROUGH,30.675723300355934,False,2,4,0,Par,False,False,False
8243,장은수,4,FAIRWAY,268.6,261-296yd x LAT2,141.4,GREEN,2.23606797749979,True,3,4,0,Par,False,True,False
8246,이소영,1,ROUGH,250.1,246-261yd x LAT1,159.9,ROUGH,25.179356624028344,False,2,4,0,Par,False,False,False
8277,최민경,1,FAIRWAY,247.8,246-261yd x LAT2,162.2,GREEN,15.264337522473747,True,3,4,0,Par,False,True,False
8277,최민경,2,ROUGH,228.8,127-246yd x LAT1,181.2,ROUGH,21.02379604162864,False,4,6,2,Double+,False,False,False
8277,최민경,3,BUNKER,236.9,127-246yd x LAT3,173.1,FAIRWAY,224.95555116511352,False,3,5,1,Bogey,False,False,False
8277,최민경,4,FAIRWAY,241.7,127-246yd x LAT3,168.3,ROUGH,37.107950630558946,False,3,5,1,Bogey,False,True,False
8284,최예림,1,FAIRWAY,262.9,261-296yd x LAT2,147.1,GREEN,20.0,True,3,4,0,Par,False,True,False
8284,최예림,2,ROUGH,248.7,246-261yd x LAT1,161.3,GREEN,29.206163733020468,True,2,3,-1,Birdie+,False,False,False
8284,최예림,3,FAIRWAY,261.7,261-296yd x LAT2,148.3,GREEN,22.02271554554524,True,3,4,0,Par,False,True,False
8284,최예림,4,ROUGH,257.1,246-261yd x LAT1,152.9,GREEN,6.708203932499369,True,3,4,0,Par,False,False,False
8300,김수지,1,FAIRWAY,264.8,261-296yd x LAT3,145.2,GREEN,49.57822102496216,True,3,4,0,Par,False,True,False
8300,김수지,2,ROUGH,224.1,127-246yd x LAT3,185.9,FAIRWAY,365.75948381415895,False,3,5,1,Bogey,False,False,False
8300,김수지,3,FAIRWAY,253.7,246-261yd x LAT1,156.3,ROUGH,29.206163733020468,False,3,5,1,Bogey,False,True,False
8300,김수지,4,ROUGH,233.6,127-246yd x LAT3,176.4,ROUGH,354.1200361459374,False,2,5,1,Bogey,False,False,False
8318,박단유,1,FAIRWAY,263.7,261-296yd x LAT2,146.3,GREEN,14.560219778561036,True,3,4,0,Par,False,True,False
8318,박단유,2,FAIRWAY,263.6,261-296yd x LAT2,146.4,GREEN,28.0178514522438,True,4,5,1,Bogey,False,True,False
8380,김새로미,1,ROUGH,260.5,246-261yd x LAT3,149.5,ROUGH,64.41273166075166,False,2,5,1,Bogey,False,False,False
8380,김새로미,2,FAIRWAY,242.7,127-246yd x LAT3,167.3,GREEN,23.345235059857504,True,4,5,1,Bogey,False,True,False
8380,김새로미,3,ROUGH,247.0,246-261yd x LAT3,163.0,ROUGH,71.84010022264724,False,3,5,1,Bogey,False,False,False
8380,김새로미,4,ROUGH,272.9,261-296yd x LAT1,137.1,ROUGH,24.041630560342615,False,2,4,0,Par,False,False,False
8386,성은정,1,FAIRWAY,215.0,127-246yd x LAT2,195.0,ROUGH,23.021728866442675,False,3,5,1,Bogey,False,True,False
8386,성은정,2,ROUGH,176.6,127-246yd x LAT3,233.4,ROUGH,441.02834376035287,False,2,5,1,Bogey,False,False,False
8392,이다연,1,ROUGH,255.3,246-261yd x LAT1,154.7,ROUGH,40.311288741492746,False,3,5,1,Bogey,False,False,False
8392,이다연,2,ROUGH,235.1,127-246yd x LAT1,174.9,GREEN,5.0990195135927845,True,2,3,-1,Birdie+,False,False,False
8392,이다연,3,ROUGH,242.1,127-246yd x LAT3,167.9,FAIRWAY,241.81191037663964,False,3,5,1,Bogey,False,False,False
8392,이다연,4,FAIRWAY,260.8,246-261yd x LAT2,149.2,GREEN,10.63014581273465,True,2,3,-1,Birdie+,False,True,False
8430,조은채,1,FAIRWAY,262.2,261-296yd x LAT2,147.8,GREEN,11.40175425099138,True,3,4,0,Par,False,True,False
8430,조은채,2,ROUGH,226.7,127-246yd x LAT1,183.3,ROUGH,23.08679276123039,False,3,6,2,Double+,False,False,False
8434,김지영2,1,FAIRWAY,268.9,261-296yd x LAT3,141.1,ROUGH,27.073972741361768,False,2,4,0,Par,False,True,False
8434,김지영2,2,ROUGH,229.1,127-246yd x LAT1,180.9,ROUGH,28.30194339616981,False,2,4,0,Par,False,False,False
8589,배소현,1,FAIRWAY,247.0,246-261yd x LAT3,163.0,GREEN,20.12461179749811,True,3,4,0,Par,False,True,False
8589,배소현,2,FAIRWAY,249.5,246-261yd x LAT2,160.5,GREEN,34.713109915419565,True,3,4,0,Par,False,True,False
8589,배소현,3,FAIRWAY,239.9,127-246yd x LAT2,170.1,GREEN,9.486832980505138,True,3,4,0,Par,False,True,False
8589,배소현,4,ROUGH,262.3,261-296yd x LAT3,147.7,GREEN,33.97057550292606,True,4,5,1,Bogey,False,False,False
8770,조아연,1,ROUGH,238.5,127-246yd x LAT1,171.5,GREEN,47.50789408087881,True,3,4,0,Par,False,False,False
8770,조아연,2,FAIRWAY,254.2,246-261yd x LAT3,155.8,GREEN,14.317821063276353,True,3,4,0,Par,False,True,False
8772,박민지,1,FAIRWAY,270.3,261-296yd x LAT2,139.7,ROUGH,25.019992006393608,False,2,4,0,Par,False,True,False
8772,박민지,2,ROUGH,267.5,261-296yd x LAT1,142.5,GREEN,15.811388300841896,True,3,4,0,Par,False,False,False
8772,박민지,3,FAIRWAY,262.9,261-296yd x LAT3,147.1,FRINGE,28.30194339616981,False,2,4,0,Par,False,True,False
8772,박민지,4,ROUGH,261.5,261-296yd x LAT3,148.5,ROUGH,68.30812543175226,False,3,6,2,Double+,False,False,False
8811,이채은2,1,ROUGH,265.5,261-296yd x LAT1,144.5,ROUGH,24.08318915758459,False,2,4,0,Par,False,False,False
8811,이채은2,2,FAIRWAY,248.7,246-261yd x LAT2,161.3,GREEN,40.36087214122113,True,3,4,0,Par,False,True,False
8838,김우정,1,BUNKER,238.4,127-246yd x LAT3,171.6,FAIRWAY,250.79872407968904,False,2,4,0,Par,False,False,False
8838,김우정,2,FAIRWAY,242.1,127-246yd x LAT3,167.9,GREEN,10.0,True,3,4,0,Par,False,True,False
8838,김우정,3,FAIRWAY,266.5,261-296yd x LAT2,143.5,GREEN,7.810249675906654,True,3,4,0,Par,False,True,False
8838,김우정,4,FAIRWAY,268.9,261-296yd x LAT3,141.1,GREEN,39.56008088970496,True,3,4,0,Par,False,True,False
8840,정수빈,1,ROUGH,254.1,246-261yd x LAT1,155.9,GREEN,13.038404810405298,True,3,4,0,Par,False,False,False
8840,정수빈,2,BUNKER,221.5,127-246yd x LAT3,188.5,FAIRWAY,339.5541193977773,False,3,5,1,Bogey,False,False,False
8859,이승연,1,ROUGH,238.0,127-246yd x LAT1,172.0,FAIRWAY,176.32356620712955,False,3,6,2,Double+,False,False,False
8859,이승연,2,ROUGH,236.6,127-246yd x LAT1,173.4,GREEN,48.010415536631214,True,4,5,1,Bogey,False,False,False
8859,이승연,3,ROUGH,268.0,261-296yd x LAT2,142.0,ROUGH,52.478567053607705,False,3,5,1,Bogey,False,False,False
8859,이승연,4,ROUGH,255.6,246-261yd x LAT1,154.4,FAIRWAY,258.42793966597344,False,3,5,1,Bogey,False,False,False
8881,성유진,1,FAIRWAY,235.9,127-246yd x LAT3,174.1,GREEN,35.014282800023196,True,4,5,1,Bogey,False,True,False
8881,성유진,2,ROUGH,159.5,127-246yd x LAT3,250.5,ROUGH,534.4389581607987,False,3,6,2,Double+,False,False,False
8881,성유진,3,ROUGH,229.9,127-246yd x LAT1,180.1,FAIRWAY,157.4960316960399,False,2,4,0,Par,False,False,False
8881,성유진,4,FAIRWAY,229.7,127-246yd x LAT3,180.3,FRINGE,32.14031735997639,False,2,4,0,Par,False,True,False
8883,이가영,1,ROUGH,273.2,261-296yd x LAT1,136.8,FRINGE,15.264337522473747,False,2,4,0,Par,False,False,False
8883,이가영,2,FAIRWAY,222.9,127-246yd x LAT2,187.1,GREEN,27.80287754891569,True,3,4,0,Par,False,True,False
8884,윤화영,1,ROUGH,254.0,246-261yd x LAT1,156.0,ROUGH,62.20128616033595,False,3,5,1,Bogey,False,False,False
8884,윤화영,2,FAIRWAY,241.0,127-246yd x LAT3,169.0,GREEN,35.90264614203248,True,3,4,0,Par,False,True,False
8884,윤화영,3,FAIRWAY,250.6,246-261yd x LAT2,159.4,GREEN,15.524174696260024,True,3,4,0,Par,False,True,False
8884,윤화영,4,FAIRWAY,251.2,246-261yd x LAT3,158.8,GREEN,22.47220505424423,True,3,4,0,Par,False,True,False
8972,조정민,1,FAIRWAY,257.1,246-261yd x LAT2,152.9,GREEN,21.18962010041709,True,3,4,0,Par,False,True,False
8972,조정민,2,FAIRWAY,242.2,127-246yd x LAT2,167.8,ROUGH,48.104053883222775,False,2,4,0,Par,False,True,False
9000,김지수,1,ROUGH,262.1,261-296yd x LAT1,147.9,ROUGH,29.732137494637012,False,2,4,0,Par,False,False,False
9000,김지수,2,FAIRWAY,246.7,246-261yd x LAT2,163.3,ROUGH,34.66987164671943,False,3,5,1,Bogey,False,True,False
9000,김지수,3,FAIRWAY,261.5,261-296yd x LAT3,148.5,GREEN,7.211102550927978,True,2,3,-1,Birdie+,False,True,False
9000,김지수,4,FAIRWAY,257.0,246-261yd x LAT2,153.0,ROUGH,38.01315561749642,False,2,4,0,Par,False,True,False
9082,전예성,1,FAIRWAY,258.0,246-261yd x LAT3,152.0,GREEN,48.104053883222775,True,3,4,0,Par,False,True,False
9082,전예성,2,ROUGH,242.1,127-246yd x LAT1,167.9,FRINGE,18.681541692269406,False,2,4,0,Par,False,False,False
9082,전예성,3,FAIRWAY,249.6,246-261yd x LAT3,160.4,GREEN,6.0,True,2,3,-1,Birdie+,False,True,False
9082,전예성,4,FAIRWAY,243.6,127-246yd x LAT3,166.4,FRINGE,16.0312195418814,False,2,4,0,Par,False,True,False
9089,김소정,1,ROUGH,248.9,246-261yd x LAT1,161.1,ROUGH,62.00806399170998,False,2,5,1,Bogey,False,False,False
9089,김소정,2,ROUGH,234.2,127-246yd x LAT1,175.8,ROUGH,45.79301256742124,False,2,4,0,Par,False,False,False
9089,김소정,3,FAIRWAY,254.9,246-261yd x LAT1,155.1,GREEN,28.30194339616981,True,3,4,0,Par,False,True,False
9089,김소정,4,FAIRWAY,262.1,261-296yd x LAT2,147.9,GREEN,19.026297590440446,True,3,4,0,Par,False,True,False
9111,박서현,1,ROUGH,256.7,246-261yd x LAT1,153.3,ROUGH,48.27007354458868,False,1,4,0,Par,False,False,False
9111,박서현,2,ROUGH,232.4,127-246yd x LAT1,177.6,ROUGH,38.948684188300895,False,4,6,2,Double+,False,False,False
9111,박서현,3,ROUGH,247.3,246-261yd x LAT1,162.7,GREEN,18.027756377319946,True,3,4,0,Par,False,False,False
9111,박서현,4,ROUGH,260.9,246-261yd x LAT1,149.1,ROUGH,49.20365840057018,False,3,5,1,Bogey,False,False,False
9113,노승희,1,ROUGH,260.4,246-261yd x LAT1,149.6,ROUGH,50.08991914547278,False,3,5,1,Bogey,False,False,False
9113,노승희,2,FAIRWAY,241.6,127-246yd x LAT2,168.4,GREEN,21.095023109728988,True,3,4,0,Par,False,True,False
9113,노승희,3,ROUGH,241.4,127-246yd x LAT3,168.6,ROUGH,35.608987629529715,False,2,4,0,Par,False,False,False
9113,노승희,4,FAIRWAY,265.3,261-296yd x LAT2,144.7,GREEN,29.5296461204668,True,3,4,0,Par,False,True,False
9115,유해란,1,FAIRWAY,295.7,261-296yd x LAT2,114.3,GREEN,14.035668847618199,True,3,4,0,Par,False,True,False
9115,유해란,2,ROUGH,255.2,246-261yd x LAT1,154.8,ROUGH,93.17188417113823,False,3,6,2,Double+,False,False,False
9115,유해란,3,ROUGH,290.0,261-296yd x LAT1,120.0,FRINGE,25.079872407968907,False,2,4,0,Par,False,False,False
9115,유해란,4,FAIRWAY,293.5,261-296yd x LAT2,116.5,FRINGE,10.816653826391969,False,2,4,0,Par,False,True,False
9130,박현경,1,ROUGH,256.1,246-261yd x LAT1,153.9,GREEN,30.23243291566195,True,3,4,0,Par,False,False,False
9130,박현경,2,ROUGH,236.5,127-246yd x LAT1,173.5,ROUGH,72.42237223399962,False,3,5,1,Bogey,False,False,False
9134,서어진,1,FAIRWAY,257.5,246-261yd x LAT2,152.5,GREEN,15.264337522473747,True,3,4,0,Par,False,True,False
9134,서어진,2,FAIRWAY,242.7,127-246yd x LAT2,167.3,ROUGH,22.80350850198276,False,3,5,1,Bogey,False,True,False
9134,서어진,3,FAIRWAY,253.5,246-261yd x LAT2,156.5,GREEN,12.529964086141668,True,3,4,0,Par,False,True,False
9134,서어진,4,ROUGH,246.2,246-261yd x LAT1,163.8,ROUGH,33.60059523282288,False,2,4,0,Par,False,False,False
9135,신다인,1,FAIRWAY,282.8,261-296yd x LAT3,127.2,GREEN,15.556349186104045,True,3,4,0,Par,False,True,False
9135,신다인,2,ROUGH,243.1,127-246yd x LAT1,166.9,FAIRWAY,294.92371895118913,False,3,5,1,Bogey,False,False,False
9135,신다인,3,ROUGH,272.3,261-296yd x LAT1,137.7,ROUGH,32.01562118716424,False,2,4,0,Par,False,False,False
9135,신다인,4,FAIRWAY,286.2,261-296yd x LAT2,123.8,ROUGH,19.1049731745428,False,2,4,0,Par,False,True,False
9136,조혜림,1,FAIRWAY,249.7,246-261yd x LAT3,160.3,GREEN,17.029386365926403,True,3,4,0,Par,False,True,False
9136,조혜림,2,FAIRWAY,234.0,127-246yd x LAT2,176.0,GREEN,27.018512172212592,True,3,4,0,Par,False,True,False
9145,임희정,1,FAIRWAY,190.1,127-246yd x LAT3,219.9,GREENSIDE_BUNKER,43.840620433565945,False,3,5,1,Bogey,False,True,False
9145,임희정,2,ROUGH,127.2,127-246yd x LAT3,282.8,PENALTY_STROKE,847.8077612289238,False,2,7,3,Double+,True,False,False
9145,임희정,3,ROUGH,259.7,246-261yd x LAT1,150.3,GREEN,13.341664064126334,True,3,4,0,Par,False,False,False
9145,임희정,4,ROUGH,256.2,246-261yd x LAT1,153.8,GREEN,23.259406699226016,True,3,4,0,Par,False,False,False
9174,강가율,1,FAIRWAY,269.3,261-296yd x LAT2,140.7,GREEN,5.0,True,3,4,0,Par,False,True,False
9174,강가율,2,FAIRWAY,260.7,246-261yd x LAT3,149.3,GREEN,31.240998703626616,True,4,5,1,Bogey,False,True,False
9183,박결,1,FAIRWAY,245.8,246-261yd x LAT3,164.2,ROUGH,43.41658669218482,False,3,5,1,Bogey,False,True,False
9183,박결,2,ROUGH,213.8,127-246yd x LAT1,196.2,ROUGH,124.04031602668546,False,2,5,1,Bogey,False,False,False
9235,최은우,1,FAIRWAY,254.6,246-261yd x LAT2,155.4,GREEN,10.0,True,3,4,0,Par,False,True,False
9235,최은우,2,FAIRWAY,230.7,127-246yd x LAT2,179.3,GREEN,14.212670403551895,True,3,4,0,Par,False,True,False
9235,최은우,3,FAIRWAY,249.5,246-261yd x LAT2,160.5,GREEN,30.610455730027933,True,3,4,0,Par,False,True,False
9235,최은우,4,FAIRWAY,270.7,261-296yd x LAT3,139.3,GREEN,9.433981132056603,True,3,4,0,Par,False,True,False
9277,김아현,1,BUNKER,238.1,127-246yd x LAT3,171.9,FAIRWAY,216.54098919142305,False,3,5,1,Bogey,False,False,False
9277,김아현,2,FAIRWAY,245.2,127-246yd x LAT3,164.8,GREEN,12.36931687685298,True,4,5,1,Bogey,False,True,False
9389,전우리,1,ROUGH,241.7,127-246yd x LAT1,168.3,GREEN,18.027756377319946,True,3,4,0,Par,False,False,False
9389,전우리,2,BUNKER,220.8,127-246yd x LAT3,189.2,FAIRWAY,181.23189564753773,False,4,6,2,Double+,False,False,False
9389,전우리,3,FAIRWAY,231.1,127-246yd x LAT3,178.9,GREEN,13.0,True,2,3,-1,Birdie+,False,True,False
9389,전우리,4,FAIRWAY,235.4,127-246yd x LAT2,174.6,ROUGH,32.202484376209235,False,2,4,0,Par,False,True,False
9391,최가빈,1,FAIRWAY,245.1,127-246yd x LAT2,164.9,GREEN,19.1049731745428,True,3,4,0,Par,False,True,False
9391,최가빈,2,FAIRWAY,259.7,246-261yd x LAT2,150.3,GREEN,31.622776601683793,True,3,4,0,Par,False,True,False
9426,한진선,1,FAIRWAY,265.9,261-296yd x LAT2,144.1,ROUGH,21.02379604162864,False,3,5,1,Bogey,False,True,False
9426,한진선,2,FAIRWAY,246.8,246-261yd x LAT2,163.2,FRINGE,18.439088914585774,False,2,4,0,Par,False,True,False
9426,한진선,3,ROUGH,244.9,127-246yd x LAT1,165.1,GREENSIDE_BUNKER,38.948684188300895,False,2,4,0,Par,False,False,False
9426,한진선,4,ROUGH,254.7,246-261yd x LAT1,155.3,ROUGH,32.202484376209235,False,3,5,1,Bogey,False,False,False
9431,박보겸,1,ROUGH,275.8,261-296yd x LAT1,134.2,GREEN,42.05948168962618,True,3,4,0,Par,False,False,False
9431,박보겸,2,ROUGH,270.9,261-296yd x LAT1,139.1,FRINGE,20.615528128088304,False,2,4,0,Par,False,False,False
9431,박보겸,3,FAIRWAY,286.0,261-296yd x LAT2,124.0,GREEN,29.0,True,4,5,1,Bogey,False,True,False
9431,박보겸,4,ROUGH,282.1,261-296yd x LAT1,127.9,ROUGH,290.51850199255813,False,3,6,2,Double+,False,False,False
9436,구래현,1,FAIRWAY,245.6,127-246yd x LAT1,164.4,GREEN,19.209372712298546,True,3,4,0,Par,False,True,False
9436,구래현,2,FAIRWAY,220.5,127-246yd x LAT2,189.5,ROUGH,28.0178514522438,False,3,5,1,Bogey,False,True,False
9449,이지현3,1,FAIRWAY,277.0,261-296yd x LAT1,133.0,GREEN,19.1049731745428,True,3,4,0,Par,False,True,False
9449,이지현3,2,FAIRWAY,266.6,261-296yd x LAT3,143.4,GREEN,9.055385138137417,True,3,4,0,Par,False,True,False
9449,이지현3,3,ROUGH,246.2,246-261yd x LAT1,163.8,GREEN,7.0710678118654755,True,2,3,-1,Birdie+,False,False,False
9449,이지현3,4,FAIRWAY,276.1,261-296yd x LAT2,133.9,GREEN,11.40175425099138,True,3,4,0,Par,False,True,False
9465,안지현,1,ROUGH,253.7,246-261yd x LAT1,156.3,ROUGH,49.73932046178355,False,2,4,0,Par,False,False,False
9465,안지현,2,FAIRWAY,250.2,246-261yd x LAT3,159.8,GREEN,27.586228448267445,True,3,4,0,Par,False,True,False
9465,안지현,3,FAIRWAY,253.3,246-261yd x LAT2,156.7,ROUGH,35.4400902933387,False,2,4,0,Par,False,True,False
9465,안지현,4,ROUGH,267.5,261-296yd x LAT3,142.5,ROUGH,91.3892772703669,False,2,4,0,Par,False,False,False
9483,한지원,1,ROUGH,271.7,261-296yd x LAT1,138.3,GREEN,20.808652046684813,True,3,4,0,Par,False,False,False
9483,한지원,2,FAIRWAY,234.7,127-246yd x LAT2,175.3,GREEN,30.805843601498726,True,3,4,0,Par,False,True,False
9483,한지원,3,ROUGH,253.7,246-261yd x LAT3,156.3,FAIRWAY,185.32404053441098,False,2,4,0,Par,False,False,False
9483,한지원,4,FAIRWAY,266.8,261-296yd x LAT2,143.2,FRINGE,18.867962264113206,False,2,4,0,Par,False,True,False
9487,김재희,1,FAIRWAY,281.0,261-296yd x LAT3,129.0,GREEN,15.132745950421556,True,3,4,0,Par,False,True,False
9487,김재희,2,FAIRWAY,251.9,246-261yd x LAT3,158.1,ROUGH,39.35733730830886,False,4,6,2,Double+,False,True,False
9652,이세희,1,BUNKER,231.0,127-246yd x LAT3,179.0,FAIRWAY,200.6913052426537,False,3,5,1,Bogey,False,False,False
9652,이세희,2,ROUGH,253.5,246-261yd x LAT1,156.5,ROUGH,68.15423684555495,False,2,4,0,Par,False,False,False
9652,이세희,3,FAIRWAY,273.7,261-296yd x LAT2,136.3,GREEN,11.40175425099138,True,3,4,0,Par,False,True,False
9652,이세희,4,ROUGH,282.2,261-296yd x LAT3,127.8,FRINGE,29.068883707497267,False,2,4,0,Par,False,False,False
9702,김리안,1,FAIRWAY,254.4,246-261yd x LAT2,155.6,GREEN,20.248456731316587,True,3,4,0,Par,False,True,False
9702,김리안,2,ROUGH,223.6,127-246yd x LAT3,186.4,ROUGH,22.561028345356956,False,3,5,1,Bogey,False,False,False
9705,홍지원,1,FAIRWAY,254.8,246-261yd x LAT2,155.2,GREEN,27.730849247724095,True,3,4,0,Par,False,True,False
9705,홍지원,2,ROUGH,218.8,127-246yd x LAT1,191.2,GREEN,7.280109889280518,True,3,4,0,Par,False,False,False
9705,홍지원,3,FAIRWAY,232.5,127-246yd x LAT2,177.5,FRINGE,22.847319317591726,False,1,3,-1,Birdie+,False,True,False
9705,홍지원,4,FAIRWAY,264.7,261-296yd x LAT3,145.3,FRINGE,23.430749027719962,False,2,4,0,Par,False,True,False
9708,이재윤,1,FAIRWAY,289.9,261-296yd x LAT2,120.1,GREEN,8.602325267042627,True,3,4,0,Par,False,True,False
9708,이재윤,2,FAIRWAY,269.6,261-296yd x LAT3,140.4,GREEN,20.024984394500787,True,3,4,0,Par,False,True,False
9708,이재윤,3,ROUGH,208.5,127-246yd x LAT3,201.5,FAIRWAY,241.36694056974744,False,2,4,0,Par,False,False,False
9708,이재윤,4,ROUGH,273.9,261-296yd x LAT1,136.1,ROUGH,22.02271554554524,False,2,4,0,Par,False,False,False
9714,유지나,1,FAIRWAY,270.0,261-296yd x LAT2,140.0,GREEN,23.40939982143925,True,4,5,1,Bogey,False,True,False
9714,유지나,2,FAIRWAY,242.7,127-246yd x LAT2,167.3,GREEN,33.97057550292606,True,3,4,0,Par,False,True,False
9723,노원경,1,ROUGH,293.1,261-296yd x LAT1,116.9,FRINGE,43.289721643826724,False,2,4,0,Par,False,False,False
9723,노원경,2,ROUGH,244.8,127-246yd x LAT1,165.2,ROUGH,22.135943621178654,False,3,5,1,Bogey,False,False,False
9750,홍정민,1,BUNKER,239.1,127-246yd x LAT3,170.9,FAIRWAY,172.40939649566667,False,3,5,1,Bogey,False,False,False
9750,홍정민,2,BUNKER,218.8,127-246yd x LAT3,191.2,FAIRWAY,202.08166665979377,False,3,5,1,Bogey,False,False,False
9759,이율린,1,ROUGH,275.7,261-296yd x LAT1,134.3,GREEN,72.62231062146122,True,3,4,0,Par,False,False,False
9759,이율린,2,FAIRWAY,264.8,261-296yd x LAT2,145.2,GREEN,22.20360331117452,True,4,5,1,Bogey,False,True,False
9759,이율린,3,ROUGH,266.4,261-296yd x LAT1,143.6,GREEN,37.44329045369811,True,4,5,1,Bogey,False,False,False
9759,이율린,4,FAIRWAY,278.8,261-296yd x LAT2,131.2,ROUGH,31.064449134018133,False,1,3,-1,Birdie+,False,True,False
9765,정소이,1,FAIRWAY,261.6,261-296yd x LAT2,148.4,ROUGH,21.095023109728988,False,2,4,0,Par,False,True,False
9765,정소이,2,FAIRWAY,242.3,127-246yd x LAT2,167.7,GREEN,21.02379604162864,True,3,4,0,Par,False,True,False
9765,정소이,3,ROUGH,257.7,246-261yd x LAT3,152.3,GREEN,49.64876634922564,True,2,5,1,Bogey,False,False,False
9765,정소이,4,FAIRWAY,254.9,246-261yd x LAT3,155.1,GREEN,9.486832980505138,True,3,4,0,Par,False,True,False
9784,이예원,1,FAIRWAY,278.6,261-296yd x LAT2,131.4,ROUGH,33.1058907144937,False,3,5,1,Bogey,False,True,False
9784,이예원,2,FAIRWAY,258.3,246-261yd x LAT2,151.7,GREEN,6.324555320336759,True,2,3,-1,Birdie+,False,True,False
9784,이예원,3,FAIRWAY,261.0,261-296yd x LAT3,149.0,GREEN,11.704699910719626,True,3,4,0,Par,False,True,False
9784,이예원,4,ROUGH,276.0,261-296yd x LAT1,134.0,FRINGE,31.016124838541646,False,3,5,1,Bogey,False,False,False
9820,정윤지,1,FAIRWAY,275.7,261-296yd x LAT2,134.3,GREEN,7.615773105863909,True,2,3,-1,Birdie+,False,True,False
9820,정윤지,2,FAIRWAY,254.7,246-261yd x LAT2,155.3,GREEN,19.849433241279208,True,2,3,-1,Birdie+,False,True,False
9820,정윤지,3,FAIRWAY,273.4,261-296yd x LAT2,136.6,GREEN,3.605551275463989,True,3,4,0,Par,False,True,False
9820,정윤지,4,FAIRWAY,271.7,261-296yd x LAT2,138.3,FRINGE,23.430749027719962,False,2,4,0,Par,False,True,False
9937,황유나,1,BUNKER,238.2,127-246yd x LAT3,171.8,FAIRWAY,152.8397853963424,False,3,5,1,Bogey,False,False,False
9937,황유나,2,ROUGH,239.7,127-246yd x LAT1,170.3,GREEN,30.805843601498726,True,3,4,0,Par,False,False,False
9990,윤수아,1,FAIRWAY,255.7,246-261yd x LAT3,154.3,GREEN,20.615528128088304,True,3,4,0,Par,False,True,False
9990,윤수아,2,ROUGH,245.6,127-246yd x LAT1,164.4,GREEN,10.0,True,3,4,0,Par,False,False,False
9990,윤수아,3,ROUGH,245.0,127-246yd x LAT3,165.0,GREEN,7.615773105863909,True,3,4,0,Par,False,False,False
9990,윤수아,4,FAIRWAY,262.6,261-296yd x LAT2,147.4,GREEN,22.67156809750927,True,3,4,0,Par,False,True,False
