hole,zone,n,FW_pct,Rough_pct,Bunker_pct,Penalty_pct,GIR_pct,ParOrBetter_pct,BogeyPlus_pct,avg_score_to_par,LOW_SAMPLE
6,LONG-LAT1,33,0.42424242424242425,0.5757575757575758,0.0,0.0,0.48484848484848486,0.8181818181818182,0.18181818181818182,0.15151515151515152,False
6,LONG-LAT2,46,1.0,0.0,0.0,0.0,0.7391304347826086,0.8478260869565217,0.15217391304347827,0.021739130434782608,False
6,LONG-LAT3,30,0.6,0.4,0.0,0.0,0.6,0.8,0.2,0.23333333333333334,False
6,MID-LAT1,41,0.4146341463414634,0.5609756097560976,0.0,0.024390243902439025,0.3902439024390244,0.7804878048780488,0.21951219512195122,0.17073170731707318,False
6,MID-LAT2,36,1.0,0.0,0.0,0.0,0.4444444444444444,0.5555555555555556,0.4444444444444444,0.3888888888888889,False
6,MID-LAT3,34,0.4411764705882353,0.5588235294117647,0.0,0.0,0.4411764705882353,0.5882352941176471,0.4117647058823529,0.4117647058823529,False
6,SHORT-LAT1,37,0.4864864864864865,0.5135135135135135,0.0,0.0,0.35135135135135137,0.6216216216216216,0.3783783783783784,0.35135135135135137,False
6,SHORT-LAT2,28,0.9642857142857143,0.03571428571428571,0.0,0.0,0.42857142857142855,0.7857142857142857,0.21428571428571427,0.25,False
6,SHORT-LAT3,46,0.32608695652173914,0.5869565217391305,0.0,0.08695652173913043,0.15217391304347827,0.391304347826087,0.6086956521739131,0.8260869565217391,False
8,LONG-LAT1,37,0.10810810810810811,0.8918918918918919,0.0,0.0,0.24324324324324326,0.5675675675675675,0.43243243243243246,0.5945945945945946,False
8,LONG-LAT2,41,0.975609756097561,0.024390243902439025,0.0,0.0,0.8536585365853658,0.9024390243902439,0.0975609756097561,-0.12195121951219512,False
8,LONG-LAT3,32,0.90625,0.09375,0.0,0.0,0.75,0.90625,0.09375,-0.09375,False
8,MID-LAT1,46,0.391304347826087,0.6086956521739131,0.0,0.0,0.3695652173913043,0.6086956521739131,0.391304347826087,0.45652173913043476,False
8,MID-LAT2,37,1.0,0.0,0.0,0.0,0.5945945945945946,0.7297297297297297,0.2702702702702703,0.2702702702702703,False
8,MID-LAT3,25,0.52,0.48,0.0,0.0,0.4,0.6,0.4,0.56,False
8,SHORT-LAT1,28,0.42857142857142855,0.5714285714285714,0.0,0.0,0.17857142857142858,0.35714285714285715,0.6428571428571429,0.6428571428571429,False
8,SHORT-LAT2,33,0.7575757575757576,0.24242424242424243,0.0,0.0,0.48484848484848486,0.6363636363636364,0.36363636363636365,0.30303030303030304,False
8,SHORT-LAT3,52,0.19230769230769232,0.7115384615384616,0.0,0.09615384615384616,0.3269230769230769,0.5576923076923077,0.4423076923076923,0.7884615384615384,False
10,LONG-LAT1,25,0.0,1.0,0.0,0.0,0.52,0.6,0.4,0.32,False
10,LONG-LAT2,49,0.9387755102040817,0.061224489795918366,0.0,0.0,0.673469387755102,0.9591836734693877,0.04081632653061224,-0.08163265306122448,False
10,LONG-LAT3,36,0.9444444444444444,0.05555555555555555,0.0,0.0,0.75,0.8611111111111112,0.1388888888888889,0,False
10,MID-LAT1,35,0.0,1.0,0.0,0.0,0.4857142857142857,0.6,0.4,0.42857142857142855,False
10,MID-LAT2,34,0.8823529411764706,0.11764705882352941,0.0,0.0,0.5294117647058824,0.8529411764705882,0.14705882352941177,0.11764705882352941,False
10,MID-LAT3,37,0.7297297297297297,0.1891891891891892,0.0,0.08108108108108109,0.5135135135135135,0.6756756756756757,0.32432432432432434,0.40540540540540543,False
10,SHORT-LAT1,51,0.058823529411764705,0.9411764705882353,0.0,0.0,0.4117647058823529,0.6274509803921569,0.37254901960784315,0.47058823529411764,False
10,SHORT-LAT2,27,0.7407407407407407,0.2222222222222222,0.0,0.037037037037037035,0.4074074074074074,0.6666666666666666,0.3333333333333333,0.2962962962962963,False
10,SHORT-LAT3,37,0.5945945945945946,0.21621621621621623,0.0,0.1891891891891892,0.5135135135135135,0.6756756756756757,0.32432432432432434,0.5945945945945946,False
12,LONG-LAT1,31,0.03225806451612903,0.967741935483871,0.0,0.0,0.3870967741935484,0.6774193548387096,0.3225806451612903,0.3548387096774194,False
12,LONG-LAT2,42,0.9761904761904762,0.023809523809523808,0.0,0.0,0.7380952380952381,0.7142857142857143,0.2857142857142857,0.16666666666666666,False
12,LONG-LAT3,34,0.7058823529411765,0.2647058823529412,0.0,0.029411764705882353,0.6470588235294118,0.7058823529411765,0.29411764705882354,0.38235294117647056,False
12,MID-LAT1,40,0.05,0.95,0.0,0.0,0.4,0.575,0.425,0.375,False
12,MID-LAT2,38,1.0,0.0,0.0,0.0,0.7368421052631579,0.7894736842105263,0.21052631578947367,0.07894736842105263,False
12,MID-LAT3,34,0.7058823529411765,0.29411764705882354,0.0,0.0,0.6470588235294118,0.6764705882352942,0.3235294117647059,0.29411764705882354,False
12,SHORT-LAT1,40,0.025,0.95,0.0,0.025,0.375,0.625,0.375,0.575,False
12,SHORT-LAT2,30,0.9666666666666667,0.03333333333333333,0.0,0.0,0.6333333333333333,0.7666666666666667,0.23333333333333334,0.2,False
12,SHORT-LAT3,42,0.2857142857142857,0.42857142857142855,0.2857142857142857,0.0,0.19047619047619047,0.3333333333333333,0.6666666666666666,0.8809523809523809,False
