player,round,hole,par,gir,first_putt_distance_yd,miss_lie,miss_remaining_yd,putts_fixed,final_score,final_bucket,category
유해란,1,1,4,True,6.4,,,2,4,Par,GIR_TO_Par
유해란,1,2,3,True,0.5,,,1,2,Birdie+,GIR_TO_BirdiePLUS
유해란,1,3,4,False,,GREENSIDE_BUNKER,12.1,1,4,Par,GIRMISS_TO_Par
유해란,1,4,5,True,3.8,,,2,5,Par,GIR_TO_Par
유해란,1,5,3,False,,,,1,3,Par,GIRMISS_TO_Par
유해란,1,6,4,False,,GREENSIDE_BUNKER,26.1,1,4,Par,GIRMISS_TO_Par
유해란,1,7,5,True,13.4,,,2,5,Par,GIR_TO_Par
유해란,1,8,4,True,7.4,,,1,3,Birdie+,GIR_TO_BirdiePLUS
유해란,1,9,4,False,,ROUGH,6.2,1,4,Par,GIRMISS_TO_Par
유해란,1,10,5,False,,ROUGH,8.7,2,6,Bogey,GIRMISS_TO_Bogey
유해란,1,11,3,False,,,,1,3,Par,GIRMISS_TO_Par
유해란,1,12,4,True,6.4,,,2,4,Par,GIR_TO_Par
유해란,1,13,4,True,10.6,,,2,4,Par,GIR_TO_Par
유해란,1,14,4,True,15.3,,,3,5,Bogey,GIR_TO_Bogey
유해란,1,15,4,True,7.8,,,2,4,Par,GIR_TO_Par
유해란,1,16,3,True,18.5,,,3,4,Bogey,GIR_TO_Bogey
유해란,1,17,4,False,,FRINGE,7.3,1,4,Par,GIRMISS_TO_Par
유해란,1,18,5,False,,FRINGE,7.3,1,5,Par,GIRMISS_TO_Par
유해란,2,1,4,False,,ROUGH,24.7,1,4,Par,GIRMISS_TO_Par
유해란,2,2,3,True,3.5,,,1,2,Birdie+,GIR_TO_BirdiePLUS
유해란,2,3,4,False,,FRINGE,19.8,2,5,Bogey,GIRMISS_TO_Bogey
유해란,2,4,5,True,11.6,,,2,5,Par,GIR_TO_Par
유해란,2,5,3,True,10.9,,,2,3,Par,GIR_TO_Par
유해란,2,6,4,True,2.9,,,1,3,Birdie+,GIR_TO_BirdiePLUS
유해란,2,7,5,True,1.5,,,1,4,Birdie+,GIR_TO_BirdiePLUS
유해란,2,8,4,True,7.4,,,2,4,Par,GIR_TO_Par
유해란,2,9,4,True,0.7,,,1,3,Birdie+,GIR_TO_BirdiePLUS
유해란,2,10,5,True,5.6,,,2,5,Par,GIR_TO_Par
유해란,2,11,3,True,4.4,,,1,2,Birdie+,GIR_TO_BirdiePLUS
유해란,2,12,4,False,,ROUGH,43.4,2,6,Double+,GIRMISS_TO_DoublePLUS
유해란,2,13,4,True,3.7,,,2,4,Par,GIR_TO_Par
유해란,2,14,4,True,6.3,,,2,4,Par,GIR_TO_Par
유해란,2,15,4,True,1.2,,,1,3,Birdie+,GIR_TO_BirdiePLUS
유해란,2,16,3,True,7.0,,,2,3,Par,GIR_TO_Par
유해란,2,17,4,True,10.2,,,2,4,Par,GIR_TO_Par
유해란,2,18,5,True,3.3,,,2,5,Par,GIR_TO_Par
유해란,3,1,4,True,9.1,,,2,4,Par,GIR_TO_Par
유해란,3,2,3,True,9.4,,,1,2,Birdie+,GIR_TO_BirdiePLUS
유해란,3,3,4,False,,ROUGH,26.5,1,5,Bogey,GIRMISS_TO_Bogey
유해란,3,4,5,True,3.0,,,2,5,Par,GIR_TO_Par
유해란,3,5,3,True,5.5,,,2,3,Par,GIR_TO_Par
유해란,3,6,4,False,,,,1,5,Bogey,GIRMISS_TO_Bogey
유해란,3,7,5,True,12.1,,,2,5,Par,GIR_TO_Par
유해란,3,8,4,True,12.1,,,2,4,Par,GIR_TO_Par
유해란,3,9,4,True,6.0,,,3,5,Bogey,GIR_TO_Bogey
유해란,3,10,5,True,3.3,,,2,5,Par,GIR_TO_Par
유해란,3,11,3,True,3.9,,,2,3,Par,GIR_TO_Par
유해란,3,12,4,False,,FRINGE,11.6,1,4,Par,GIRMISS_TO_Par
유해란,3,13,4,True,4.6,,,2,4,Par,GIR_TO_Par
유해란,3,14,4,True,3.3,,,2,4,Par,GIR_TO_Par
유해란,3,15,4,False,,ROUGH,14.2,2,5,Bogey,GIRMISS_TO_Bogey
유해란,3,16,3,True,5.4,,,2,3,Par,GIR_TO_Par
유해란,3,17,4,True,15.7,,,1,3,Birdie+,GIR_TO_BirdiePLUS
유해란,3,18,5,True,1.0,,,1,4,Birdie+,GIR_TO_BirdiePLUS
유해란,4,1,4,True,5.4,,,2,4,Par,GIR_TO_Par
유해란,4,2,3,True,5.7,,,2,3,Par,GIR_TO_Par
유해란,4,3,4,False,,ROUGH,15.3,1,4,Par,GIRMISS_TO_Par
유해란,4,4,5,True,2.4,,,1,4,Birdie+,GIR_TO_BirdiePLUS
유해란,4,5,3,True,3.0,,,2,3,Par,GIR_TO_Par
유해란,4,6,4,True,8.0,,,1,3,Birdie+,GIR_TO_BirdiePLUS
유해란,4,7,5,True,7.5,,,2,5,Par,GIR_TO_Par
유해란,4,8,4,False,,ROUGH,11.2,1,4,Par,GIRMISS_TO_Par
유해란,4,9,4,True,5.3,,,2,4,Par,GIR_TO_Par
유해란,4,10,5,True,4.2,,,1,4,Birdie+,GIR_TO_BirdiePLUS
유해란,4,11,3,True,6.6,,,2,3,Par,GIR_TO_Par
유해란,4,12,4,False,,FRINGE,4.8,1,4,Par,GIRMISS_TO_Par
유해란,4,13,4,True,11.5,,,2,4,Par,GIR_TO_Par
유해란,4,14,4,True,20.9,,,3,5,Bogey,GIR_TO_Bogey
유해란,4,15,4,True,15.0,,,2,4,Par,GIR_TO_Par
유해란,4,16,3,True,1.0,,,1,2,Birdie+,GIR_TO_BirdiePLUS
유해란,4,17,4,True,13.2,,,2,4,Par,GIR_TO_Par
유해란,4,18,5,False,,ROUGH,9.5,1,5,Par,GIRMISS_TO_Par
이재윤,1,1,4,True,5.3,,,2,4,Par,GIR_TO_Par
이재윤,1,2,3,True,6.6,,,2,3,Par,GIR_TO_Par
이재윤,1,3,4,True,16.2,,,2,4,Par,GIR_TO_Par
이재윤,1,4,5,False,,ROUGH,9.9,2,6,Bogey,GIRMISS_TO_Bogey
이재윤,1,5,3,False,,,,1,3,Par,GIRMISS_TO_Par
이재윤,1,6,4,True,10.1,,,2,4,Par,GIR_TO_Par
이재윤,1,7,5,True,3.1,,,2,5,Par,GIR_TO_Par
이재윤,1,8,4,False,,FRINGE,5.6,1,4,Par,GIRMISS_TO_Par
이재윤,1,9,4,False,,ROUGH,9.9,2,5,Bogey,GIRMISS_TO_Bogey
이재윤,1,10,5,True,15.5,,,2,5,Par,GIR_TO_Par
이재윤,1,11,3,False,,,,2,4,Bogey,GIRMISS_TO_Bogey
이재윤,1,12,4,True,3.9,,,2,4,Par,GIR_TO_Par
이재윤,1,13,4,True,8.6,,,2,4,Par,GIR_TO_Par
이재윤,1,14,4,True,1.6,,,2,4,Par,GIR_TO_Par
이재윤,1,15,4,False,,FRINGE,16.5,2,5,Bogey,GIRMISS_TO_Bogey
이재윤,1,16,3,False,,,,1,3,Par,GIRMISS_TO_Par
이재윤,1,17,4,False,,ROUGH,23.5,1,4,Par,GIRMISS_TO_Par
이재윤,1,18,5,True,9.3,,,2,5,Par,GIR_TO_Par
이재윤,2,1,4,False,,GREENSIDE_BUNKER,21.7,1,4,Par,GIRMISS_TO_Par
이재윤,2,2,3,False,,,,1,3,Par,GIRMISS_TO_Par
이재윤,2,3,4,True,11.7,,,2,4,Par,GIR_TO_Par
이재윤,2,4,5,False,,ROUGH,106.0,2,6,Bogey,GIRMISS_TO_Bogey
이재윤,2,5,3,False,,,,1,3,Par,GIRMISS_TO_Par
이재윤,2,6,4,False,,ROUGH,7.9,1,4,Par,GIRMISS_TO_Par
이재윤,2,7,5,True,7.6,,,2,5,Par,GIR_TO_Par
이재윤,2,8,4,True,10.0,,,2,4,Par,GIR_TO_Par
이재윤,2,9,4,False,,FRINGE,7.4,1,4,Par,GIRMISS_TO_Par
이재윤,2,10,5,False,,ROUGH,8.9,1,5,Par,GIRMISS_TO_Par
이재윤,2,11,3,False,,FRINGE,10.8,1,4,Bogey,GIRMISS_TO_Bogey
이재윤,2,12,4,True,9.6,,,2,4,Par,GIR_TO_Par
이재윤,2,13,4,True,1.6,,,1,3,Birdie+,GIR_TO_BirdiePLUS
이재윤,2,14,4,True,24.7,,,3,5,Bogey,GIR_TO_Bogey
이재윤,2,15,4,False,,ROUGH,22.4,2,5,Bogey,GIRMISS_TO_Bogey
이재윤,2,16,3,True,7.3,,,2,3,Par,GIR_TO_Par
이재윤,2,17,4,True,9.0,,,2,4,Par,GIR_TO_Par
이재윤,2,18,5,True,7.8,,,2,5,Par,GIR_TO_Par
이재윤,3,1,4,True,16.5,,,3,5,Bogey,GIR_TO_Bogey
이재윤,3,2,3,True,6.1,,,2,3,Par,GIR_TO_Par
이재윤,3,3,4,False,,ROUGH,28.5,1,4,Par,GIRMISS_TO_Par
이재윤,3,4,5,False,,ROUGH,8.2,1,5,Par,GIRMISS_TO_Par
이재윤,3,5,3,True,10.4,,,2,3,Par,GIR_TO_Par
이재윤,3,6,4,True,2.1,,,2,4,Par,GIR_TO_Par
이재윤,3,7,5,True,2.8,,,2,5,Par,GIR_TO_Par
이재윤,3,8,4,True,15.7,,,2,4,Par,GIR_TO_Par
이재윤,3,9,4,True,9.2,,,2,4,Par,GIR_TO_Par
이재윤,3,10,5,True,19.7,,,3,6,Bogey,GIR_TO_Bogey
이재윤,3,11,3,True,6.2,,,2,3,Par,GIR_TO_Par
이재윤,3,12,4,False,,,,1,4,Par,GIRMISS_TO_Par
이재윤,3,13,4,False,,FRINGE,8.6,2,5,Bogey,GIRMISS_TO_Bogey
이재윤,3,14,4,True,7.9,,,2,4,Par,GIR_TO_Par
이재윤,3,15,4,False,,FRINGE,16.1,1,4,Par,GIRMISS_TO_Par
이재윤,3,16,3,True,5.9,,,1,2,Birdie+,GIR_TO_BirdiePLUS
이재윤,3,17,4,True,11.1,,,2,4,Par,GIR_TO_Par
이재윤,3,18,5,True,7.6,,,2,5,Par,GIR_TO_Par
이재윤,4,1,4,False,,ROUGH,13.0,1,4,Par,GIRMISS_TO_Par
이재윤,4,2,3,False,,,,2,4,Bogey,GIRMISS_TO_Bogey
이재윤,4,3,4,False,,ROUGH,15.7,1,4,Par,GIRMISS_TO_Par
이재윤,4,4,5,True,11.8,,,2,5,Par,GIR_TO_Par
이재윤,4,5,3,True,7.4,,,2,3,Par,GIR_TO_Par
이재윤,4,6,4,True,2.7,,,1,3,Birdie+,GIR_TO_BirdiePLUS
이재윤,4,7,5,True,2.8,,,1,4,Birdie+,GIR_TO_BirdiePLUS
이재윤,4,8,4,False,,ROUGH,16.2,1,4,Par,GIRMISS_TO_Par
이재윤,4,9,4,True,7.2,,,2,4,Par,GIR_TO_Par
이재윤,4,10,5,True,14.8,,,2,5,Par,GIR_TO_Par
이재윤,4,11,3,True,4.5,,,2,3,Par,GIR_TO_Par
이재윤,4,12,4,False,,ROUGH,10.0,1,4,Par,GIRMISS_TO_Par
이재윤,4,13,4,True,4.2,,,2,4,Par,GIR_TO_Par
이재윤,4,14,4,False,,FRINGE,13.4,2,5,Bogey,GIRMISS_TO_Bogey
이재윤,4,15,4,True,6.8,,,2,4,Par,GIR_TO_Par
이재윤,4,16,3,True,5.0,,,2,3,Par,GIR_TO_Par
이재윤,4,17,4,False,,FRINGE,16.7,1,4,Par,GIRMISS_TO_Par
이재윤,4,18,5,True,3.1,,,2,5,Par,GIR_TO_Par
박서현,1,1,4,True,7.7,,,1,3,Birdie+,GIR_TO_BirdiePLUS
박서현,1,2,3,True,10.4,,,2,3,Par,GIR_TO_Par
박서현,1,3,4,False,,GREENSIDE_BUNKER,12.5,2,6,Double+,GIRMISS_TO_DoublePLUS
박서현,1,4,5,True,5.9,,,2,5,Par,GIR_TO_Par
박서현,1,5,3,True,7.2,,,2,3,Par,GIR_TO_Par
박서현,1,6,4,False,,ROUGH,38.7,2,5,Bogey,GIRMISS_TO_Bogey
박서현,1,7,5,True,9.4,,,2,5,Par,GIR_TO_Par
박서현,1,8,4,False,,ROUGH,32.4,2,5,Bogey,GIRMISS_TO_Bogey
박서현,1,9,4,False,,FRINGE,20.6,1,4,Par,GIRMISS_TO_Par
박서현,1,10,5,False,,ROUGH,8.8,1,5,Par,GIRMISS_TO_Par
박서현,1,11,3,True,3.5,,,2,3,Par,GIR_TO_Par
박서현,1,12,4,False,,ROUGH,22.7,0,4,Par,GIRMISS_TO_Par
박서현,1,13,4,False,,ROUGH,46.8,2,5,Bogey,GIRMISS_TO_Bogey
박서현,1,14,4,True,4.3,,,2,4,Par,GIR_TO_Par
박서현,1,15,4,False,,,,2,5,Bogey,GIRMISS_TO_Bogey
박서현,1,16,3,True,2.7,,,1,2,Birdie+,GIR_TO_BirdiePLUS
박서현,1,17,4,True,4.8,,,2,4,Par,GIR_TO_Par
박서현,1,18,5,True,9.4,,,1,4,Birdie+,GIR_TO_BirdiePLUS
박서현,2,1,4,True,7.8,,,2,4,Par,GIR_TO_Par
박서현,2,2,3,True,6.1,,,2,3,Par,GIR_TO_Par
박서현,2,3,4,True,5.3,,,2,4,Par,GIR_TO_Par
박서현,2,4,5,False,,ROUGH,24.1,2,6,Bogey,GIRMISS_TO_Bogey
박서현,2,5,3,False,,,,2,4,Bogey,GIRMISS_TO_Bogey
박서현,2,6,4,True,28.2,,,2,4,Par,GIR_TO_Par
박서현,2,7,5,True,9.4,,,2,5,Par,GIR_TO_Par
박서현,2,8,4,False,,ROUGH,28.8,1,4,Par,GIRMISS_TO_Par
박서현,2,9,4,True,20.8,,,2,4,Par,GIR_TO_Par
박서현,2,10,5,True,3.6,,,2,5,Par,GIR_TO_Par
박서현,2,11,3,False,,ROUGH,9.4,1,4,Bogey,GIRMISS_TO_Bogey
박서현,2,12,4,False,,ROUGH,18.0,3,6,Double+,GIRMISS_TO_DoublePLUS
박서현,2,13,4,False,,FRINGE,13.2,1,4,Par,GIRMISS_TO_Par
박서현,2,14,4,False,,FRINGE,12.3,1,5,Bogey,GIRMISS_TO_Bogey
박서현,2,15,4,True,17.4,,,2,4,Par,GIR_TO_Par
박서현,2,16,3,True,25.5,,,2,3,Par,GIR_TO_Par
박서현,2,17,4,True,5.1,,,2,4,Par,GIR_TO_Par
박서현,2,18,5,True,12.2,,,2,5,Par,GIR_TO_Par
박서현,3,1,4,True,5.6,,,2,4,Par,GIR_TO_Par
박서현,3,2,3,False,,,,1,3,Par,GIRMISS_TO_Par
박서현,3,3,4,False,,ROUGH,9.9,2,5,Bogey,GIRMISS_TO_Bogey
박서현,3,4,5,True,4.6,,,2,5,Par,GIR_TO_Par
박서현,3,5,3,True,14.8,,,2,3,Par,GIR_TO_Par
박서현,3,6,4,True,7.5,,,2,4,Par,GIR_TO_Par
박서현,3,7,5,False,,FRINGE,10.3,1,5,Par,GIRMISS_TO_Par
박서현,3,8,4,False,,ROUGH,18.4,1,7,Double+,GIRMISS_TO_DoublePLUS
박서현,3,9,4,False,,,,2,6,Double+,GIRMISS_TO_DoublePLUS
박서현,3,10,5,True,13.1,,,3,6,Bogey,GIR_TO_Bogey
박서현,3,11,3,False,,,,1,3,Par,GIRMISS_TO_Par
박서현,3,12,4,True,8.2,,,2,4,Par,GIR_TO_Par
박서현,3,13,4,True,4.8,,,3,5,Bogey,GIR_TO_Bogey
박서현,3,14,4,True,5.4,,,2,4,Par,GIR_TO_Par
박서현,3,15,4,True,25.0,,,3,5,Bogey,GIR_TO_Bogey
박서현,3,16,3,True,5.6,,,2,3,Par,GIR_TO_Par
박서현,3,17,4,False,,FRINGE,15.5,1,4,Par,GIRMISS_TO_Par
박서현,3,18,5,False,,ROUGH,14.8,1,5,Par,GIRMISS_TO_Par
박서현,4,1,4,True,7.1,,,2,4,Par,GIR_TO_Par
박서현,4,2,3,False,,,,1,3,Par,GIRMISS_TO_Par
박서현,4,3,4,True,22.3,,,3,5,Bogey,GIR_TO_Bogey
박서현,4,4,5,True,23.5,,,3,6,Bogey,GIR_TO_Bogey
박서현,4,5,3,True,6.7,,,2,3,Par,GIR_TO_Par
박서현,4,6,4,False,,GREENSIDE_BUNKER,15.4,1,4,Par,GIRMISS_TO_Par
박서현,4,7,5,True,6.2,,,1,4,Birdie+,GIR_TO_BirdiePLUS
박서현,4,8,4,True,7.6,,,2,4,Par,GIR_TO_Par
박서현,4,9,4,True,18.9,,,4,6,Double+,GIR_TO_DoublePLUS
박서현,4,10,5,False,,ROUGH,135.1,2,6,Bogey,GIRMISS_TO_Bogey
박서현,4,11,3,True,4.5,,,2,3,Par,GIR_TO_Par
박서현,4,12,4,False,,ROUGH,23.0,2,5,Bogey,GIRMISS_TO_Bogey
박서현,4,13,4,False,,FRINGE,14.5,1,4,Par,GIRMISS_TO_Par
박서현,4,14,4,False,,FRINGE,7.9,2,5,Bogey,GIRMISS_TO_Bogey
박서현,4,15,4,True,29.4,,,2,4,Par,GIR_TO_Par
박서현,4,16,3,True,11.4,,,2,3,Par,GIR_TO_Par
박서현,4,17,4,True,15.4,,,3,5,Bogey,GIR_TO_Bogey
박서현,4,18,5,False,,ROUGH,14.6,2,6,Bogey,GIRMISS_TO_Bogey
