hole,player_code,round,frac_down_line,lateral_offset,tee_state,tee_distance,strokes,score_to_par,gir,par_or_better
6,10002,1,-0.0075674978484347385,-9.490215005638131,2,167.9,4,0,False,True
6,10002,2,0.1023341470285504,2.140195191379474,1,138.2,4,0,False,True
6,10002,3,0.02351929427738485,-6.595263041203182,2,170.5,4,0,True,True
6,10002,4,0.15718858170274586,-2.0570896897191946,1,129.1,4,0,True,True
6,10022,1,0.05387417144546008,-4.699029957765091,1,158.5,5,1,False,False
6,10022,2,-0.010302382150818063,6.539889429589384,2,157.6,4,0,False,True
6,10022,3,0.028642698981595445,0.3957691257748134,1,167.5,4,0,True,True
6,10022,4,0.12043924544356548,7.083187257085946,2,134.7,4,0,True,True
6,10081,1,-0.0024440931442241505,-2.499182838660135,1,166.9,3,-1,True,True
6,10081,2,-0.013230041981795542,2.545013905601958,1,157.0,5,1,False,False
6,10081,3,0.01566100527079094,2.4438092270463367,1,170.7,4,0,True,True
6,10081,4,0.07271118481821955,1.2426809889382382,1,140.9,4,0,True,True
6,10083,1,-0.6351194728701494,3.722195613550954,2,268.4,4,0,False,True
6,10083,2,0.0019473966022420688,3.493130447321004,1,154.4,4,0,True,True
6,10083,3,0.09867457223982855,-2.853399213604809,1,156.5,4,0,True,True
6,10083,4,0.09867457223982855,-2.853399213604809,1,137.1,3,-1,True,True
6,10095,1,0.0344980186435504,8.385520173749665,2,163.0,4,0,False,True
6,10095,2,-0.3650460137170439,-3.231562118708585,2,215.5,4,0,False,True
6,10095,3,0.10379797694403912,4.1376329533731875,1,157.5,5,1,True,False
6,10095,4,0.1304932793233925,1.040271631826996,1,131.7,4,0,True,True
6,10097,1,0.04528396748112179,3.341323429487572,1,160.0,4,0,True,True
6,10097,2,0.041624392692399946,-1.6522709754967104,1,150.2,4,0,False,True
6,10097,3,0.044552052523377426,2.3426045484907156,1,165.2,3,-1,True,True
6,10097,4,-0.1207431664569534,13.935740310789864,7,381.3,6,2,False,False
6,10109,1,-0.07320788136020161,-0.24873338027736938,1,178.1,4,0,False,True
6,10109,2,-0.2081482231724572,13.24063546545987,2,189.1,5,1,False,False
6,10109,3,0.0019473966022420688,3.493130447321004,1,173.7,4,0,True,True
6,10109,4,0.004143141475475178,6.489287090311573,2,153.5,5,1,False,False
6,10112,1,0.04601588243886617,4.34004231048443,1,159.4,4,0,True,True
6,10138,1,-0.09424063960619418,-9.186600969971268,2,182.2,4,0,False,True
6,10138,2,-0.016889616770517393,-2.4485804993823246,1,158.5,4,0,False,True
6,10138,3,-0.00317600810196852,-3.4979017196569915,1,174.2,3,-1,True,True
6,10138,4,0.11751158561258801,3.0883117330985197,1,135.9,4,0,True,True
6,10139,1,-0.056566612860675256,2.6968209234353897,1,177.4,4,0,False,True
6,10139,2,-0.016157701812773023,-1.4498616183854682,1,159.5,5,1,False,False
6,10178,1,-0.1353814656118408,-6.0386373091472665,2,188.0,4,0,True,True
6,10178,2,-0.42702682244008894,11.003513911636459,2,224.0,6,2,False,False
6,10296,1,0.11897541552807674,5.085749495092233,1,148.6,4,0,False,True
6,10296,2,0.07271118481821955,1.2426809889382382,1,144.0,5,1,False,False
6,10296,3,0.12683370453467063,-3.9533227731572866,1,151.7,3,-1,True,True
6,10296,4,0.12829753445015937,-1.9558850111635735,1,133.2,4,0,True,True
6,10481,1,0.036500987988189355,-8.643303142474705,2,161.8,4,0,True,True
6,10481,2,0.09062350770464048,-13.83930690457023,2,149.0,5,1,False,False
6,10481,3,0.027178869066106705,-1.6016686362188999,1,169.6,4,0,True,True
6,10481,4,0.14201114311870827,-3.0052062314382404,1,130.3,4,0,True,True
6,10531,1,0.01566100527079094,2.4438092270463367,1,165.6,3,-1,True,True
6,10531,2,-0.09624360895083313,7.842222346253104,2,171.3,4,0,False,True
6,10531,3,-0.06735256169824665,7.741017667697483,2,186.1,4,0,False,True
6,10531,4,0.058997576149670675,2.2920022092129053,1,143.7,4,0,True,True
6,10577,1,-0.0002483482709910408,0.4969738043304345,1,166.4,3,-1,True,True
6,10577,2,-0.04651257898084824,-3.34609470182356,1,163.5,4,0,False,True
6,10577,3,-0.013230041981795542,2.545013905601958,1,174.9,4,0,True,True
6,10577,4,0.10379797694403912,4.1376329533731875,1,137.2,5,1,False,False
6,10586,1,-0.03992534436114892,5.642375227148149,1,173.9,5,1,False,False
6,10586,2,0.05972949110741504,3.290721090209762,1,147.3,4,0,True,True
6,10586,3,0.02498312419287359,-4.597825279209469,1,169.9,4,0,True,True
6,10586,4,0.13122519428113685,2.038990512823853,1,133.5,4,0,True,True
6,10725,1,0.13488476906985872,7.032584917808135,2,145.8,4,0,False,True
6,10725,2,0.20418472737034746,2.784697697431657,1,123.1,4,0,False,True
6,10725,3,0.1919349486172873,5.831456679700037,2,143.0,5,1,False,False
6,10725,4,0.25903916204454297,-1.4125871836670116,1,111.8,4,0,True,True
6,10726,1,0.04601588243886617,4.34004231048443,1,160.9,4,0,True,True
6,10726,2,-0.04138917427663766,3.6449374651544355,1,161.9,4,0,True,True
6,10726,3,0.02498312419287359,-4.597825279209469,1,168.8,4,0,True,True
6,10726,4,0.12610178957692628,-4.952041654154143,2,132.8,4,0,True,True
6,10727,1,-0.05876235773390837,-0.2993357195551799,1,175.5,4,0,True,True
6,10727,2,-0.08472574515551737,3.7967444829878674,1,169.2,5,1,False,False
6,10789,1,-0.0024440931442241505,-2.499182838660135,1,166.5,4,0,False,True
6,10789,2,0.10013840215531729,-0.8559614516110958,1,141.1,5,1,False,False
6,10790,1,-0.013961956939539914,1.5462950246051015,1,169.4,5,1,False,False
6,10790,2,-0.05290703807195341,7.690415328419672,2,164.4,4,0,True,True
6,10790,3,0.040160562776911206,-3.6497087374904233,1,167.2,4,0,True,True
6,10790,4,0.03376610368580603,7.38680129275281,2,149.8,5,1,False,False
6,10867,1,-0.0002483482709910408,0.4969738043304345,1,167.9,5,1,True,False
6,10867,2,0.011269515524324722,-3.5485040589348023,1,156.2,5,1,False,False
6,11040,1,0.08496096357127968,-1.8040779933301418,1,152.0,5,1,False,False
6,11040,2,0.20418472737034746,2.784697697431657,1,123.5,4,0,False,True
6,11042,1,-0.04578066402310387,-2.3473758208267035,1,172.9,4,0,True,True
6,11042,2,0.003411226517730808,5.490568209314717,1,154.0,4,0,True,True
6,11042,3,-0.02201302147472798,-9.43961266636032,2,178.5,4,0,False,True
6,11042,4,0.056069916318693194,-1.7028733147745208,1,145.1,4,0,True,True
6,11045,1,0.08276521869804657,-4.800234636320711,1,152.3,4,0,True,True
6,11045,2,0.02351929427738485,-6.595263041203182,2,154.5,4,0,False,True
6,11056,1,0.004875056433219548,7.48800597130843,2,168.6,5,1,False,False
6,11056,2,0.02278737931964048,-7.593981922200039,2,154.2,5,1,False,False
6,11057,1,0.03376610368580603,7.38680129275281,2,163.6,5,1,False,False
6,11057,2,0.10452989190178351,5.136351834370044,1,138.7,5,1,False,False
6,11060,1,0.08276521869804657,-4.800234636320711,1,152.0,4,0,True,True
6,11060,2,0.07344309977596392,2.2413998699350945,1,143.6,3,-1,True,True
6,11060,3,0.02571503915061796,-3.5991063982126126,1,168.8,4,0,True,True
6,11060,4,0.06265715093839251,7.285596614197188,2,144.5,4,0,True,True
6,11066,1,-0.010302382150818063,6.539889429589384,2,168.7,7,3,False,False
6,11066,2,-0.024747905777111306,6.590491768867195,2,158.9,5,1,False,False
6,11066,3,-0.058030442776164,0.6993831614416766,1,181.5,4,0,False,True
6,11066,4,0.11604775569709924,1.0908739711048068,1,134.4,4,0,True,True
6,11073,1,-0.032067055354555,-3.3966970411013704,1,171.2,4,0,True,True
6,11073,2,-0.04065725931889328,4.6436563461512925,1,162.9,5,1,False,False
6,11076,1,-0.11142104753487077,6.894105804534058,2,185.5,5,1,False,False
6,11134,1,0.0820333037403022,-5.798953517317568,2,152.3,4,0,False,True
6,11134,2,0.11312009586612178,-2.9040015528826193,1,138.2,4,0,True,True
6,11134,3,0.07710267456468575,7.234994274919377,2,160.8,4,0,True,True
6,11134,4,0.12610178957692628,-4.952041654154143,2,133.7,4,0,True,True
6,11143,1,-0.023284075861622566,8.587929530860908,2,173.5,4,0,False,True
6,11143,2,0.006878025777858503,-9.540817344915942,2,159.9,4,0,False,True
6,11143,3,-0.04870832385408135,-6.34225134481413,2,180.8,5,1,False,False
6,11143,4,0.1326890241966256,4.036428274817566,1,132.9,4,0,True,True
6,11216,1,-0.10868616323248742,-9.135998630693457,2,184.8,4,0,False,True
6,11216,2,-0.1094180781902318,-10.134717511690313,2,176.2,5,1,False,False
6,11447,1,0.04235630765014431,-0.6535520944998537,1,160.4,5,1,False,False
6,11447,2,0.01566100527079094,2.4438092270463367,1,152.8,4,0,False,True
6,11447,3,-0.04138917427663766,3.6449374651544355,1,181.0,4,0,True,True
6,11447,4,0.03083844385482855,3.391925768765383,1,148.2,5,1,False,False
6,11469,1,-0.03060322543906626,-1.3992592791076577,1,171.2,5,1,False,False
6,11469,2,-0.05583469790293089,3.6955398044322463,1,164.2,4,0,False,True
6,11640,1,0.09501499745110668,-7.846993618589092,2,150.1,4,0,False,True
6,11640,2,0.1564566667450015,-3.055808570716051,1,132.7,4,0,True,True
6,11640,3,-0.4877365767762394,7.211047744760275,2,252.6,5,1,False,False
6,11640,4,0.19393791796192628,-11.197366636524334,2,125.3,4,0,False,True
6,11770,1,0.058997576149670675,2.2920022092129053,1,156.6,4,0,True,True
6,11770,2,0.11824350057033235,4.087030614095376,1,136.7,4,0,False,True
6,11770,3,0.018588665101768417,6.4386847510337635,2,171.6,6,2,False,False
6,11770,4,0.10013840215531729,-0.8559614516110958,1,136.5,5,1,False,False
6,11978,1,-0.3454770853865401,3.7088677089916002,2,223.3,6,2,False,False
6,12038,1,-0.04944023881182572,-7.340970225810986,2,173.4,5,1,False,False
6,12038,2,-0.011034297108562434,5.541170548592528,2,158.0,5,1,False,False
6,12078,1,-0.05090406872731446,-9.338407987804699,2,174.7,5,1,False,False
6,12078,2,0.06612395019852021,-7.74578894003347,2,149.1,4,0,False,True
6,12080,1,-0.028407480565833153,1.596897363882912,1,171.0,4,0,False,True
6,12080,2,0.0344980186435504,8.385520173749665,2,150.2,4,0,False,True
6,13386,1,0.020784409975001528,9.434841394024332,2,165.9,5,1,True,False
6,13386,2,0.04747971235435491,6.337480072478143,2,147.7,6,2,False,False
6,1521,1,-0.019817276601494873,-6.443456023369751,2,170.6,5,1,False,False
6,1521,2,-0.04065725931889328,4.6436563461512925,1,161.1,5,1,False,False
6,6916,1,-0.02913939552357752,0.5981784828860556,1,170.4,4,0,True,True
6,6916,2,-0.010302382150818063,6.539889429589384,2,157.6,4,0,False,True
6,8179,1,0.10872860611965555,-8.896314838863757,2,148.4,4,0,False,True
6,8179,2,0.11458392578161052,-0.9065637908889064,1,138.6,4,0,True,True
6,8179,3,0.09940648719757292,-1.8546803326079524,1,158.2,4,0,True,True
6,8179,4,0.0712473549027308,-0.7547567730554747,1,141.3,4,0,True,True
6,8234,1,-0.03279897031229937,-4.395415922098227,1,171.4,4,0,True,True
6,8234,2,-0.011034297108562434,5.541170548592528,2,156.3,5,1,False,False
6,8240,1,-0.09350872464844981,-8.187882088974412,2,181.4,4,0,False,True
6,8243,1,-0.057298527818419626,1.6981020424385334,1,176.2,5,1,False,False
6,8243,2,-0.02913939552357752,0.5981784828860556,1,161.1,4,0,True,True
6,8243,3,-0.057298527818419626,1.6981020424385334,1,181.7,4,0,True,True
6,8243,4,0.00907377065109161,-6.544660701925372,2,152.8,5,1,False,False
6,8246,1,-0.0009802632287354105,-0.5017450766664221,1,167.7,7,3,False,False
6,8277,1,-0.08106617036679553,8.79033888797215,2,182.9,4,0,True,True
6,8277,2,-0.22698523654521668,7.298924518756542,2,191.5,4,0,False,True
6,8277,3,0.02644695410836233,-2.600387517215756,1,170.1,4,0,True,True
6,8277,4,0.08788862340225716,2.190797530657284,1,139.4,3,-1,True,True
6,8284,1,-0.37363621768138217,4.808791268544078,2,227.7,5,1,False,False
6,8284,2,-0.11581253728133697,0.9017925185529188,1,175.6,5,1,False,False
6,8284,3,-0.02913939552357752,0.5981784828860556,1,178.2,4,0,True,True
6,8284,4,-0.06808447665599102,6.742298786700626,2,164.7,4,0,False,True
6,8300,1,0.014929090313046569,1.4450903460494804,1,165.5,5,1,False,False
6,8300,2,-0.028407480565833153,1.596897363882912,1,160.3,4,0,True,True
6,8300,3,0.014929090313046569,1.4450903460494804,1,169.6,4,0,True,True
6,8300,4,0.11751158561258801,3.0883117330985197,1,135.7,4,0,True,True
6,8318,1,0.027178869066106705,-1.6016686362188999,1,161.3,5,1,False,False
6,8318,2,0.00980568560883598,-5.545941820928515,2,156.2,4,0,False,True
6,8380,1,0.012001430482069092,-2.5497851779379457,1,163.8,5,1,False,False
6,8380,2,0.0763707596069414,6.236275393922521,2,142.1,4,0,False,True
6,8380,3,0.041624392692399946,-1.6522709754967104,1,166.7,3,-1,True,True
6,8380,4,0.0763707596069414,6.236275393922521,2,141.3,4,0,True,True
6,8386,1,0.11751158561258801,3.0883117330985197,1,149.3,7,3,False,False
6,8386,2,0.019859719488663004,-11.588857446187466,2,156.7,4,0,True,True
6,8392,1,-0.03919342940340454,6.641094108145006,2,174.2,5,1,False,False
6,8392,2,-0.054370867987442145,5.692977566425959,2,165.0,5,1,False,False
6,8392,3,-0.006103667932946,-7.492777243644418,2,176.0,4,0,False,True
6,8392,4,0.09867457223982855,-2.853399213604809,1,137.0,4,0,True,True
6,8430,1,-0.11508062232359262,1.9005113995497753,1,186.6,5,1,False,False
6,8430,2,0.007609940735602871,-8.542098463919086,2,157.4,4,0,False,True
6,8434,1,-0.019817276601494873,-6.443456023369751,2,168.6,4,0,False,True
6,8434,2,0.041624392692399946,-1.6522709754967104,1,150.6,5,1,False,False
6,8589,1,0.12463795966143752,-6.949479416147856,2,147.4,4,0,False,True
6,8589,2,0.14201114311870827,-3.0052062314382404,1,135.6,4,0,False,True
6,8589,3,0.07710267456468575,7.234994274919377,2,162.2,4,0,True,True
6,8589,4,0.2215579108276182,6.728970882141272,2,120.0,4,0,True,True
6,8770,1,-0.024747905777111306,6.590491768867195,2,171.7,4,0,False,True
6,8770,2,-0.04870832385408135,-6.34225134481413,2,165.9,5,1,False,False
6,8772,1,-0.5440548413659236,9.41089486386523,2,255.5,6,2,False,False
6,8772,2,-0.03133514039681063,-2.397978160104514,1,162.4,4,0,True,True
6,8772,3,-0.03133514039681063,-2.397978160104514,1,178.3,5,1,True,False
6,8772,4,0.044552052523377426,2.3426045484907156,1,146.7,4,0,True,True
6,8811,1,-0.02913939552357752,0.5981784828860556,1,171.0,4,0,False,True
6,8811,2,0.038696732861422466,-5.647146499484136,2,151.7,4,0,False,True
6,8838,1,0.041624392692399946,-1.6522709754967104,1,160.8,5,1,False,False
6,8838,2,0.056069916318693194,-1.7028733147745208,1,146.9,4,0,False,True
6,8838,3,-0.03279897031229937,-4.395415922098227,1,178.5,4,0,True,True
6,8838,4,0.13981539824547515,-6.00136287442881,2,132.2,4,0,True,True
6,8840,1,-0.11434870736584823,2.899230280546632,1,185.3,5,1,False,False
6,8840,2,-0.016889616770517393,-2.4485804993823246,1,159.3,5,1,False,False
6,8859,1,-0.019085361643750503,-5.444737142372894,2,169.0,4,0,True,True
6,8859,2,0.08276521869804657,-4.800234636320711,1,144.3,4,0,True,True
6,8859,3,0.0864247934867684,0.19335976866357124,1,158.1,4,0,True,True
6,8859,4,0.11458392578161052,-0.9065637908889064,1,134.5,4,0,True,True
6,8881,1,-0.013230041981795542,2.545013905601958,1,168.2,4,0,True,True
6,8881,2,-0.0009802632287354105,-0.5017450766664221,1,155.6,4,0,True,True
6,8881,3,0.044552052523377426,2.3426045484907156,1,167.2,4,0,False,True
6,8881,4,0.10160223207080603,1.141476310382617,1,138.0,4,0,True,True
6,8883,1,0.02498312419287359,-4.597825279209469,1,163.3,4,0,True,True
6,8883,2,-0.4696314783612244,12.154039810466747,7,389.9,9,5,False,False
6,8884,1,-0.12093594198554757,-6.089239648425077,2,186.1,5,1,False,False
6,8884,2,-0.10795424827474304,-8.137279749696601,2,176.5,5,1,False,False
6,8884,3,-0.013230041981795542,2.545013905601958,1,175.1,4,0,True,True
6,8884,4,-0.06169001756488585,-4.294211243542606,1,163.3,5,1,False,False
6,8972,1,-0.4436680909396153,8.057959607923701,2,239.7,5,1,False,False
6,8972,2,-0.19755504986348,-11.828541238017163,2,192.2,5,1,False,False
6,9000,1,-0.015425786855028652,-0.45114273738861155,1,169.0,5,1,False,False
6,9000,2,0.02791078402385107,-0.6029497552220432,1,152.2,4,0,False,True
6,9000,3,-0.07540362623343472,-3.244890023267939,1,184.5,4,0,True,True
6,9000,4,-0.04138917427663766,3.6449374651544355,1,159.8,4,0,False,True
6,9082,1,-0.10483381291517142,15.882575733505766,7,403.6,7,3,False,False
6,9082,2,-0.07320788136020161,-0.24873338027736938,1,168.7,4,0,True,True
6,9082,3,-0.06735256169824665,7.741017667697483,2,184.2,4,0,True,True
6,9082,4,-0.016889616770517393,-2.4485804993823246,1,156.4,4,0,True,True
6,9089,1,0.08715670844451279,1.1920786496604279,1,152.6,4,0,True,True
6,9089,2,0.1067256367750166,8.132508477360613,2,138.0,4,0,True,True
6,9089,3,0.0712473549027308,-0.7547567730554747,1,161.1,4,0,True,True
6,9089,4,0.11092435099288867,-5.900158195873189,2,136.0,4,0,True,True
6,9111,1,-0.09843935382406625,4.846065703262535,1,184.1,5,1,False,False
6,9111,2,-0.0450487490653595,-1.3486569398298471,1,163.8,4,0,True,True
6,9111,3,-0.032067055354555,-3.3966970411013704,1,179.6,4,0,True,True
6,9111,4,-0.03426280022778811,-6.39285368409194,2,158.8,4,0,False,True
6,9113,1,-0.028407480565833153,1.596897363882912,1,172.1,4,0,True,True
6,9113,2,-0.04431683410761514,-0.34993805883299045,1,164.4,5,1,False,False
6,9113,3,-0.059494272691652736,-1.2980546005520364,1,183.2,4,0,True,True
6,9113,4,-0.019817276601494873,-6.443456023369751,2,158.0,4,0,False,True
6,9115,1,0.06758778011400896,-5.748351178039758,2,156.2,4,0,False,True
6,9115,2,0.14420688799194137,-0.009049588447670915,1,132.4,3,-1,True,True
6,9115,3,-0.2811077562616678,12.494928280852067,7,411.2,5,1,False,False
6,9115,4,0.1897392037440542,2.835300036709467,1,122.7,3,-1,True,True
6,9130,1,-0.09424063960619418,-9.186600969971268,2,182.7,5,1,False,False
6,9130,2,-0.04578066402310387,-2.3473758208267035,1,164.9,4,0,False,True
6,9134,1,-0.07320788136020161,-0.24873338027736938,1,177.8,4,0,False,True
6,9134,2,-0.04651257898084824,-3.34609470182356,1,163.4,4,0,True,True
6,9134,3,-0.017621531728261763,-3.447299380379181,1,177.0,4,0,True,True
6,9134,4,0.04235630765014431,-0.6535520944998537,1,145.7,4,0,True,True
6,9135,1,0.09647882736659544,-5.849555856595378,2,150.8,5,1,False,False
6,9135,2,0.09940648719757292,-1.8546803326079524,1,139.8,4,0,True,True
6,9135,3,0.06046140606515941,4.289439971206618,1,163.2,4,0,True,True
6,9135,4,0.16084815649146772,2.9365047152650883,1,128.9,4,0,True,True
6,9136,1,-0.11874019711231446,-3.093083005434507,1,184.5,4,0,True,True
6,9136,2,-0.07247596640245725,0.7499855007194871,1,167.6,3,-1,False,True
6,9145,1,-0.03846151444566018,7.639812989141863,2,174.7,4,0,True,True
6,9145,2,0.014197175355302198,0.44637146505262393,1,155.0,5,1,False,False
6,9145,3,0.04528396748112179,3.341323429487572,1,166.6,3,-1,True,True
6,9145,4,0.037232902945933725,-7.644584261477849,2,147.4,5,1,False,False
6,9174,1,0.0004835666867533291,1.495692685327291,1,167.8,5,1,False,False
6,9174,2,0.0820333037403022,-5.798953517317568,2,145.3,3,-1,True,True
6,9183,1,-0.17432654674425432,0.10548299466730438,1,194.7,4,0,True,True
6,9183,2,-0.1302580609076302,0.9523948578307292,1,177.4,4,0,False,True
6,9235,1,-0.04578066402310387,-2.3473758208267035,1,173.4,4,0,True,True
6,9235,2,-0.0024440931442241505,-2.499182838660135,1,157.1,4,0,True,True
6,9235,3,-0.060226187649397106,-2.2967734815488927,1,181.9,4,0,False,True
6,9235,4,0.019320580059512787,7.43740363203062,2,151.2,5,1,False,False
6,9277,1,-0.13098997586537459,-0.04632402316612724,1,188.9,4,0,False,True
6,9277,2,-0.06881639161373539,5.74357990570377,2,167.6,5,1,False,False
6,9389,1,0.014197175355302198,0.44637146505262393,1,165.4,4,0,False,True
6,9389,2,0.11458392578161052,-0.9065637908889064,1,137.9,4,0,True,True
6,9389,3,0.08715670844451279,1.1920786496604279,1,159.7,4,0,True,True
6,9389,4,0.15499283682951276,-5.053246332709763,2,129.8,4,0,True,True
6,9391,1,-0.2154673727499009,3.2534466554913055,1,202.7,5,1,False,False
6,9391,2,0.09647882736659544,-5.849555856595378,2,142.9,4,0,False,True
6,9426,1,-0.12659848611890837,5.945989262815012,2,187.9,5,1,False,False
6,9426,2,-0.054370867987442145,5.692977566425959,2,164.5,4,0,False,True
6,9426,3,-0.0002483482709910408,0.4969738043304345,1,173.8,6,2,False,False
6,9426,4,0.10013840215531729,-0.8559614516110958,1,137.7,4,0,True,True
6,9431,1,-0.010302382150818063,6.539889429589384,2,169.7,4,0,False,True
6,9431,2,0.08496096357127968,-1.8040779933301418,1,142.8,4,0,False,True
6,9431,3,0.05680183127643756,-0.7041544337776642,1,164.9,5,1,False,False
6,9431,4,0.11604775569709924,1.0908739711048068,1,135.1,4,0,True,True
6,9436,1,-0.04651257898084824,-3.34609470182356,1,174.1,5,1,False,False
6,9436,2,0.06978352498724207,-2.752194535049188,1,145.6,7,3,False,False
6,9449,1,-0.0653495923536077,-9.28780564852689,2,178.3,4,0,False,True
6,9449,2,-0.010302382150818063,6.539889429589384,2,156.4,4,0,False,True
6,9449,3,-0.04578066402310387,-2.3473758208267035,1,180.2,3,-1,True,True
6,9449,4,0.0712473549027308,-0.7547567730554747,1,141.5,4,0,False,True
6,9465,1,-0.008299412806179109,-10.488933886634987,2,168.7,4,0,False,True
6,9465,2,0.027178869066106705,-1.6016686362188999,1,152.6,4,0,True,True
6,9465,3,0.05680183127643756,-0.7041544337776642,1,163.0,4,0,False,True
6,9465,4,0.08935245331774588,4.188235292650997,1,138.9,3,-1,True,True
6,9483,1,-0.0017121781864797804,-1.5004639576632788,1,166.6,4,0,True,True
6,9483,2,-0.04944023881182572,-7.340970225810986,2,165.4,4,0,False,True
6,9483,3,0.05680183127643756,-0.7041544337776642,1,164.5,5,1,False,False
6,9483,4,0.1023341470285504,2.140195191379474,1,138.4,3,-1,True,True
6,9487,1,-0.7384338831274352,1.0802553455050588,2,284.9,7,3,False,False
6,9487,2,-0.02913939552357752,0.5981784828860556,1,161.1,4,0,False,True
6,9652,1,-0.2401597057846153,-10.678015339186874,2,206.6,5,1,False,False
6,9652,2,-0.016157701812773023,-1.4498616183854682,1,158.1,4,0,False,True
6,9652,3,0.00907377065109161,-6.544660701925372,2,173.0,4,0,False,True
6,9652,4,0.050214596656738233,-9.692624362749374,2,145.7,5,1,False,False
6,9702,1,-0.0710121364869685,2.7474232627132,1,178.3,5,1,True,False
6,9702,2,-0.05583469790293089,3.6955398044322463,1,164.8,5,1,False,False
6,9705,1,-0.15202273411136716,-8.984191612860025,2,190.7,4,0,False,True
6,9705,2,-0.024747905777111306,6.590491768867195,2,159.5,5,1,False,False
6,9705,3,-0.07174405144471287,1.7487043817163437,1,185.7,4,0,True,True
6,9705,4,-0.0017121781864797804,-1.5004639576632788,1,154.4,5,1,False,False
6,9708,1,0.12829753445015937,-1.9558850111635735,1,145.9,4,0,True,True
6,9708,2,0.036500987988189355,-8.643303142474705,2,153.5,4,0,False,True
6,9708,3,0.14713454782291885,3.985825935539755,1,150.1,4,0,True,True
6,9708,4,0.14347497303419698,-1.0077684694445272,1,131.0,3,-1,True,True
6,9714,1,-0.04578066402310387,-2.3473758208267035,1,174.4,5,1,False,False
6,9714,2,-0.016157701812773023,-1.4498616183854682,1,158.2,5,1,False,False
6,9723,1,0.0010227061159035437,-17.530568392890792,7,403.6,6,2,False,False
6,9723,2,0.11458392578161052,-0.9065637908889064,1,138.2,4,0,True,True
6,9750,1,0.004143141475475178,6.489287090311573,2,168.0,5,1,False,False
6,9750,2,-0.2732494672550739,3.4558560126025477,1,200.3,4,0,False,True
6,9759,1,0.051678426572226974,-7.69518660075566,2,157.5,4,0,False,True
6,9759,2,0.06758778011400896,-5.748351178039758,2,147.5,4,0,False,True
6,9759,3,0.07271118481821955,1.2426809889382382,1,162.3,4,0,True,True
6,9759,4,0.11824350057033235,4.087030614095376,1,133.9,4,0,True,True
6,9765,1,0.027178869066106705,-1.6016686362188999,1,162.0,4,0,True,True
6,9765,2,-0.019817276601494873,-6.443456023369751,2,161.5,5,1,False,False
6,9765,3,-0.011034297108562434,5.541170548592528,2,176.0,5,1,True,False
6,9765,4,0.056069916318693194,-1.7028733147745208,1,144.4,4,0,True,True
6,9784,1,0.020784409975001528,9.434841394024332,2,166.5,3,-1,True,True
6,9784,2,0.04235630765014431,-0.6535520944998537,1,150.0,5,1,False,False
6,9784,3,-0.016889616770517393,-2.4485804993823246,1,176.0,3,-1,True,True
6,9784,4,0.14347497303419698,-1.0077684694445272,1,129.6,4,0,True,True
6,9820,1,0.09721074232433981,-4.850836975598522,1,151.4,5,1,False,False
6,9820,2,0.05753374623418193,0.29456444721919234,1,148.1,5,1,False,False
6,9820,3,0.014929090313046569,1.4450903460494804,1,171.9,3,-1,True,True
6,9820,4,0.10526180685952788,6.135070715366901,2,136.6,4,0,False,True
6,9937,1,-0.07467171127569035,-2.2461711422710824,1,177.6,4,0,False,True
6,9937,2,-0.06442490186726918,11.735893191684909,2,166.4,5,1,False,False
6,9990,1,-0.015425786855028652,-0.45114273738861155,1,168.1,3,-1,True,True
6,9990,2,0.00980568560883598,-5.545941820928515,2,157.0,4,0,False,True
6,9990,3,-0.014693871897284282,0.547576143608245,1,175.7,4,0,True,True
6,9990,4,0.05680183127643756,-0.7041544337776642,1,144.1,3,-1,True,True
8,10002,1,0.03059521750960075,-2.7216513496346226,1,147.4,4,0,False,True
8,10002,2,0.08947514189362037,1.047907836357261,1,116.3,4,0,False,True
8,10002,3,0.1660241422801617,2.0483347923656843,1,117.2,5,1,False,False
8,10002,4,-0.20142125694986854,5.046285375087305,2,161.2,3,-1,False,True
8,10022,1,0.18135773623161067,-15.951579750077421,2,128.0,4,0,False,True
8,10022,2,0.10597647687060571,-9.33661554985602,2,118.2,4,0,False,True
8,10022,3,-0.07423450185560714,8.508533233892543,2,151.2,4,0,False,True
8,10022,4,0.1071442178961421,-1.7212243936261997,1,119.2,3,-1,True,True
8,10081,1,-0.07069728753022553,5.354706797375166,1,162.3,4,0,True,True
8,10081,2,0.020000570157842186,-6.260171992685914,2,127.6,4,0,True,True
8,10081,3,0.06121141853934005,0.2785194232894302,1,130.6,4,0,False,True
8,10081,4,0.06121141853934005,0.2785194232894302,1,126.2,3,-1,True,True
8,10083,1,-0.030654180174264068,4.278007057120691,1,155.4,4,0,False,True
8,10083,2,0.03648490951044133,-3.6446954262957765,1,126.1,4,0,True,True
8,10083,3,0.057674204213958455,3.4323458598068064,1,132.2,4,0,True,True
8,10083,4,0.12362855724874124,0.8942521727639379,1,115.5,4,0,True,True
8,10095,1,-0.049490997202322196,-0.5682518691256696,1,157.9,5,1,False,False
8,10095,2,0.11184917324706009,2.740340326086245,1,113.3,4,0,True,True
8,10095,3,0.14011289660134038,3.5097287391540757,1,120.9,5,1,False,False
8,10095,4,0.08240071324285717,7.355560709392013,1,121.3,4,0,True,True
8,10097,1,0.062396155189262656,-5.106089373084168,2,142.4,6,2,False,False
8,10097,2,0.020000570157842186,-6.260171992685914,2,127.4,4,0,False,True
8,10097,3,0.02352078885883756,3.5860015234001295,1,136.6,4,0,True,True
8,10097,4,0.13068599027511824,7.586599252332605,1,115.5,3,-1,True,True
8,10109,1,-0.0188747961725829,2.4319189037983833,1,154.3,5,1,True,False
8,10109,2,0.12246081622320487,-6.721138983465883,2,114.3,5,1,False,False
8,10109,3,-0.02476448817342348,3.3549629804595367,1,144.4,5,1,True,False
8,10109,4,0.134240200224886,-8.56722713678819,2,118.2,4,0,True,True
8,10112,1,0.07652801686640281,-4.721395166550252,2,141.0,4,0,False,True
8,10138,1,0.06121141853934005,0.2785194232894302,1,142.8,4,0,True,True
8,10138,2,0.1401298922257266,-9.490271213449342,2,113.4,5,1,False,False
8,10138,3,-0.027116965848882475,1.1241806206033145,1,143.4,4,0,False,True
8,10138,4,0.1354079412504224,-0.9518359805583693,1,115.4,4,0,True,True
8,10139,1,-0.11899956018687281,18.123668207037994,7,372.9,7,3,False,False
8,10139,2,-0.06362285887946235,-0.952946075659585,1,138.6,3,-1,True,True
8,10178,1,-0.20260599359979112,10.430894171460903,2,181.3,7,3,False,False
8,10178,2,-0.10955565823626441,1.0467977412560452,1,144.5,4,0,False,True
8,10296,1,0.01409388253261539,7.6628720365786585,2,150.5,4,0,False,True
8,10296,2,0.05769119983834467,-9.567654092796612,2,123.4,5,1,False,False
8,10296,3,0.13303846795057722,9.817381612188827,2,124.4,5,1,False,False
8,10296,4,0.22019911131326333,1.3563292586451223,1,103.6,4,0,True,True
8,10481,1,0.08241770886724338,-5.644439243211406,2,139.1,4,0,False,True
8,10481,2,-0.004742934495442746,2.8166131103322987,1,130.4,4,0,False,True
8,10481,3,-0.10840491283511425,21.662188850089287,7,361.5,6,2,False,False
8,10481,4,0.20960446396150478,-2.182191384406168,1,106.2,4,0,True,True
8,10531,1,-0.00472593887105653,-10.183386842271121,2,152.2,5,1,False,False
8,10531,2,0.15426175390286676,-9.105577006915428,2,111.4,5,1,False,False
8,10531,3,0.04237460151128191,-4.56773950295693,1,132.4,3,-1,True,True
8,10531,4,0.16956135660554333,-1.1054916441516922,1,109.5,4,0,True,True
8,10577,1,-0.06480759552938496,4.431662720714013,1,161.4,4,0,False,True
8,10577,2,-0.01650532287273769,-8.337298688948813,2,133.2,4,0,False,True
8,10577,3,-0.04243356417594523,6.124095210442997,2,147.1,5,1,False,False
8,10577,4,0.14129763325126302,-1.874880057219523,1,113.9,3,-1,True,True
8,10586,1,-0.06362285887946235,-0.952946075659585,1,160.0,4,0,True,True
8,10586,2,0.06591637389025803,4.740084143001876,1,119.4,4,0,True,True
8,10586,3,-0.010632626496283326,3.739657186993452,1,141.2,4,0,True,True
8,10586,4,0.1766357852563065,-7.413144517186445,2,112.9,4,0,False,True
8,10725,1,0.03766964616036393,-9.029304222669376,2,145.2,4,0,False,True
8,10725,2,-0.12840947088870874,9.200538767613105,2,147.3,4,0,False,True
8,10725,3,0.10831195892167848,5.8941667626036205,1,126.5,5,1,False,False
8,10725,4,0.09301235621900195,-2.105918600160115,1,122.3,4,0,True,True
8,10726,1,-0.0012057201700611522,-0.3372133261850774,1,150.7,4,0,False,True
8,10726,2,0.052969248863040476,-1.0292188599056387,1,121.8,3,-1,True,True
8,10726,3,-0.07777171618098873,11.66235967040992,2,153.6,5,1,False,False
8,10726,4,-0.049474001577935994,-13.56825182172909,2,146.7,4,0,False,True
8,10727,1,-0.044769046227018,-9.106687102016643,2,157.7,5,1,True,False
8,10727,2,-0.10249822520988744,7.739144820824713,2,143.9,4,0,True,True
8,10789,1,-0.10722017618519164,16.27758005371569,2,170.5,7,3,False,False
8,10789,2,0.034132431834982345,-5.875477786151999,2,125.2,5,1,False,False
8,10790,1,-0.023579751523500878,-2.0296458159140616,1,153.7,6,2,False,False
8,10790,2,0.06474863286472164,-2.8753070132279457,1,121.7,4,0,False,True
8,10790,3,0.07299080254102122,-1.5675687300328767,1,128.7,4,0,True,True
8,10790,4,0.13422320460049983,4.4327728158152295,1,115.1,3,-1,True,True
8,10867,1,-0.1778624889465062,1.354109068442691,2,176.6,4,0,False,True
8,10867,2,-0.15313597991760747,5.277323918027898,2,150.8,4,0,False,True
8,11040,1,0.01763109685799698,4.509045600061283,1,150.4,4,0,True,True
8,11040,2,-0.06717706882923015,15.200880313461209,2,141.6,4,0,False,True
8,11042,1,-0.16491536391928865,7.123412071350205,2,174.5,4,0,False,True
8,11042,2,-0.05065873822785858,-8.18364302535549,2,138.1,5,1,False,False
8,11042,3,0.03059521750960075,-2.7216513496346226,1,135.6,5,1,False,False
8,11042,4,0.0776957578919392,2.8939959896795684,1,123.0,4,0,True,True
8,11045,1,0.08358544989277979,1.9709519130184145,1,139.8,7,3,False,False
8,11045,2,0.05532172653849946,1.2015634999505838,1,120.8,5,1,True,False
8,11056,1,0.06593336951464425,-8.259915809601544,2,141.5,4,0,False,True
8,11056,2,-0.29213611026232245,29.66116411775181,7,357.8,6,2,False,False
8,11057,1,0.17898826293176548,-5.182362157330222,2,125.5,7,3,False,False
8,11057,2,0.10831195892167848,5.8941667626036205,1,114.1,3,-1,True,True
8,11060,1,-0.13783637721493094,13.277409280791634,2,174.9,5,1,False,False
8,11060,2,-0.010632626496283326,3.739657186993452,1,131.5,6,2,False,False
8,11060,3,0.06591637389025803,4.740084143001876,1,131.1,3,-1,True,True
8,11060,4,-0.08362741693305689,-13.414596158135767,2,150.1,4,0,False,True
8,11066,1,-0.07893945720652512,4.046968514180099,1,161.8,4,0,True,True
8,11066,2,-0.02946944352434146,-1.106601739252908,1,134.0,4,0,True,True
8,11066,3,-0.09657454196027442,-19.183899161043282,2,154.7,5,1,False,False
8,11066,4,-0.05538068920316278,0.35479220753548385,1,140.4,4,0,True,True
8,11073,1,0.08830740086808396,-6.56748331987256,2,139.5,4,0,False,True
8,11073,2,-0.032989662225336835,-10.95277525533895,2,136.6,5,1,False,False
8,11076,1,-0.20731094895070915,5.969329451748459,2,180.5,6,2,False,False
8,11134,1,0.08593792756823877,4.201734272874636,1,140.7,4,0,True,True
8,11134,2,0.2331632319648671,-5.874367691050783,2,98.6,6,2,False,False
8,11134,3,0.1024222669208379,6.817210839264774,1,127.4,3,-1,True,True
8,11134,4,0.28026377234720556,-0.25872035173659186,2,94.5,4,0,True,True
8,11143,1,0.1766357852563065,-7.413144517186445,2,126.7,5,1,False,False
8,11143,2,0.06593336951464425,-8.259915809601544,2,121.6,6,2,False,False
8,11143,3,-0.1484310245666895,9.738888637740342,2,162.9,5,1,False,False
8,11143,4,0.02116831118337857,1.3552191635439066,1,130.7,4,0,True,True
8,11216,1,-0.037711613200641037,-2.4143400224479765,1,155.3,5,1,False,False
8,11216,2,-0.14607854689123048,11.969670997596564,2,150.3,5,1,False,False
8,11447,1,-0.029452447899955252,-14.106601691856326,2,156.3,4,0,False,True
8,11447,2,-0.15902567191844805,6.200367994689052,2,151.5,3,-1,True,True
8,11447,3,-0.19553156494902793,4.1232412984261515,2,168.0,4,0,False,True
8,11447,4,-0.10835392596195559,-17.337811007720973,2,155.7,5,1,False,False
8,11469,1,-0.13194668521409036,12.35436520413048,2,173.6,5,1,False,False
8,11469,2,-0.1166130912626414,-5.645549338312622,1,147.7,4,0,True,True
8,11640,1,0.19428786563444203,2.817723205433514,1,125.3,4,0,True,True
8,11640,2,0.18015600395730186,2.4330289988995997,1,105.3,4,0,True,True
8,11640,3,0.18958291028352406,-1.6438415142789298,1,112.4,3,-1,True,True
8,11640,4,0.17780352628184287,0.20224663904337697,1,108.0,4,0,True,True
8,11770,1,0.10006978924537892,4.586428479408553,1,138.1,4,0,True,True
8,11770,2,0.09301235621900195,-2.105918600160115,1,116.4,4,0,True,True
8,11770,3,0.05769119983834467,-9.567654092796612,2,131.7,5,1,False,False
8,11770,4,0.027058003184219154,0.43217508688275325,1,129.8,4,0,True,True
8,11978,1,-0.024747492549037266,-9.645036972143883,2,155.9,5,1,False,False
8,12038,1,-0.05301121590331758,-10.414425385211715,2,158.2,4,0,False,True
8,12038,2,0.016463355832460592,-3.106345556168538,1,128.3,4,0,True,True
8,12078,1,0.11657112422236426,-5.798094906804729,2,135.1,5,1,True,False
8,12078,2,0.06474863286472164,-2.8753070132279457,1,121.7,4,0,False,True
8,12080,1,-0.10485070288534643,5.50836246096849,2,167.5,6,2,False,False
8,12080,2,0.03883738718590032,-1.413913066439554,1,124.2,4,0,True,True
8,13386,1,-0.06482459115377118,17.431662673317433,7,372.9,6,2,False,False
8,13386,2,-0.10838791721072802,8.662188897485866,2,145.2,5,1,True,False
8,1521,1,-0.13663464494062214,-5.107199468185384,1,169.1,4,0,True,True
8,1521,2,-0.07540224288114351,0.8931420776627221,1,140.4,4,0,True,True
8,6916,1,-0.036543872175104644,5.201051133781844,1,156.3,6,2,False,False
8,6916,2,-0.037711613200641037,-2.4143400224479765,1,135.3,4,0,True,True
8,8179,1,0.09419709286892455,-7.490527396533714,2,138.1,6,2,False,False
8,8179,2,0.010556668207233796,10.816698473096036,2,127.8,4,0,True,True
8,8179,3,0.1424653742767994,5.740511099010298,1,120.1,4,0,True,True
8,8179,4,0.1047747445962969,9.047993199120999,2,117.7,4,0,True,True
8,8234,1,-0.0012057201700611522,-0.3372133261850774,1,150.7,5,1,True,False
8,8234,2,-0.15785793089291167,13.815759150918872,7,357.8,6,2,False,False
8,8240,1,-0.05536369357877658,-12.645207745067935,2,160.6,5,1,False,False
8,8243,1,-0.09423905990920164,-3.953116848583638,1,164.6,5,1,False,False
8,8243,2,-0.06597533655492133,-3.1837284355158073,1,140.0,5,1,False,False
8,8243,3,-0.09777627423458324,-0.799290412066262,1,153.5,6,2,False,False
8,8243,4,-0.09071884120820628,5.893056667502405,2,145.2,4,0,True,True
8,8246,1,-0.05184347487778119,-2.799034228981892,1,158.0,5,1,False,False
8,8277,1,-0.07540224288114351,0.8931420776627221,1,162.0,4,0,True,True
8,8277,2,-0.11781482353695019,12.739059410664396,2,147.8,5,1,False,False
8,8277,3,0.06947058384002583,-11.413742246118918,2,130.0,5,1,False,False
8,8277,4,0.12246081622320487,-6.721138983465883,2,119.2,4,0,True,True
8,8284,1,-0.09896101088450585,4.585318384307336,2,165.3,4,0,False,True
8,8284,2,0.0776957578919392,2.8939959896795684,1,118.1,3,-1,False,True
8,8284,3,-0.1837521809473468,2.277153145103844,2,164.9,5,1,False,False
8,8284,4,0.0435423425368183,3.047651653272891,1,126.5,4,0,False,True
8,8300,1,0.056489467564035854,8.816954656180403,2,146.3,4,0,False,True
8,8300,2,0.06710111054018063,-0.6445246533717234,1,120.3,4,0,True,True
8,8300,3,0.08123297221732079,-0.259830446837808,1,128.4,4,0,True,True
8,8300,4,0.15307701725294415,-3.72096821054183,1,114.0,4,0,True,True
8,8318,1,-0.05302821152770379,2.585574567391706,1,159.5,5,1,False,False
8,8318,2,0.06002668188941745,5.6631282196630295,1,122.0,4,0,True,True
8,8380,1,-0.17315753359558822,5.815673788155136,2,176.1,5,1,False,False
8,8380,2,0.03650190513482755,-16.644695378899197,2,130.6,5,1,False,False
8,8380,3,0.031779954159523345,-8.106260146008221,2,136.0,5,1,False,False
8,8380,4,-0.058917903528544376,3.5086186440528597,1,142.0,4,0,True,True
8,8386,1,-0.10248122958550124,-5.260855131778707,1,164.8,4,0,True,True
8,8386,2,-0.13781938159054472,0.2774093281882143,1,148.1,5,1,True,False
8,8392,1,-0.08364441255744308,-0.414596205532347,1,161.9,4,0,True,True
8,8392,2,-0.02830170249880508,6.508789416976913,1,133.0,6,2,False,False
8,8392,3,0.010573663831620013,-2.1833014795073846,1,137.5,5,1,False,False
8,8392,4,0.17780352628184287,0.20224663904337697,1,109.7,3,-1,True,True
8,8430,1,-0.23203745797960781,2.0461146021632524,2,184.0,4,0,False,True
8,8430,2,-0.09660853320904686,6.816100744163559,2,142.6,4,0,True,True
8,8434,1,0.03059521750960075,-2.7216513496346226,1,147.7,4,0,True,True
8,8434,2,0.05180150783750409,-8.64461001613546,2,124.7,4,0,False,True
8,8589,1,0.004700967455165649,-14.26025735544965,2,152.4,6,2,False,False
8,8589,2,0.14011289660134038,3.5097287391540757,1,108.7,4,0,False,True
8,8589,3,0.024688529884373953,11.20139267962995,2,138.6,4,0,True,True
8,8589,4,0.22019911131326333,1.3563292586451223,1,102.4,4,0,True,True
8,8770,1,-0.07538524725675733,-12.106857874940697,2,162.7,5,1,False,False
8,8770,2,-0.020042537198119287,-5.183472252431437,2,132.5,4,0,False,True
8,8772,1,0.0482642935121225,-5.490783579618083,2,145.0,4,0,False,True
8,8772,2,-0.07540224288114351,0.8931420776627221,1,138.9,4,0,False,True
8,8772,3,-0.015337581847201309,-0.7219075327189927,1,141.1,5,1,True,False
8,8772,4,-0.08482914920736569,4.970012590841251,2,145.2,3,-1,True,True
8,8811,1,-0.06245511785392597,6.662445080570236,2,160.7,4,0,False,True
8,8811,2,-0.012985104171742317,1.5088748271372296,1,130.4,4,0,True,True
8,8838,1,0.018815833507919585,-0.8755631963123156,1,148.0,4,0,True,True
8,8838,2,-0.038913345474949845,15.970268726529042,2,136.9,5,1,False,False
8,8838,3,0.06828584719010324,-6.029133449745322,2,128.5,4,0,True,True
8,8838,4,-0.06716007320484395,2.200880360857791,1,141.4,4,0,True,True
8,8840,1,-0.11779782791256399,-0.2609405419390236,1,166.4,5,1,False,False
8,8840,2,-0.13192968958970414,-0.645634748472939,1,146.9,4,0,True,True
8,8859,1,-0.01652231849712391,4.662701263654606,1,153.4,4,0,False,True
8,8859,2,0.05885894086388106,-1.9522629365667918,1,121.4,3,-1,True,True
8,8859,3,0.06356389621479903,2.509301783145653,1,132.1,5,1,True,False
8,8859,4,0.15659723595393957,6.125205305544214,1,112.1,4,0,True,True
8,8881,1,-0.034174398875259436,-5.5681664589653534,2,155.7,4,0,True,True
8,8881,2,-0.21790559630246767,2.4308088086971678,2,158.6,4,0,False,True
8,8881,3,0.03530017286051873,1.7399133700778222,1,133.9,4,0,True,True
8,8881,4,0.0447270791867409,-2.3369571431007072,1,129.2,4,0,True,True
8,8883,1,-0.10131348855996483,2.354536024451114,1,165.3,4,0,True,True
8,8883,2,-0.02946944352434146,-1.106601739252908,1,133.5,6,2,False,False
8,8884,1,-0.22614776597876723,1.1230705255020985,2,183.1,5,1,False,False
8,8884,2,-0.04360130520148162,-1.4912959457868233,1,135.9,3,-1,True,True
8,8884,3,-0.10129649293557863,-10.645463928152305,2,154.2,5,1,False,False
8,8884,4,0.0034992351808568263,4.124351393527368,1,133.7,5,1,False,False
8,8972,1,-0.037711613200641037,-2.4143400224479765,1,155.9,5,1,False,False
8,8972,2,-0.004742934495442746,2.8166131103322987,1,129.3,5,1,False,False
8,9000,1,-0.09896101088450585,4.585318384307336,2,166.2,6,2,False,False
8,9000,2,-0.0035581978455201434,-2.5679956860413,1,130.7,5,1,False,False
8,9000,3,0.022353047833301175,-4.029389632829692,1,136.8,4,0,False,True
8,9000,4,0.09419709286892455,-7.490527396533714,2,122.6,4,0,True,True
8,9082,1,-0.20612621230078648,0.5847206553748611,2,180.2,4,0,False,True
8,9082,2,-0.12957721191424515,1.5851476113832834,1,147.1,4,0,False,True
8,9082,3,-0.11896556893810038,-7.876331698168844,2,154.5,5,1,False,False
8,9082,4,-0.05538068920316278,0.35479220753548385,1,141.6,5,1,True,False
8,9089,1,-0.017707055147046513,10.047310060028204,2,155.7,5,1,False,False
8,9089,2,0.04239159713566814,-17.56773945556035,2,132.0,5,1,False,False
8,9089,3,0.05413698988857686,6.586172296324183,1,132.3,4,0,False,True
8,9089,4,0.1660241422801617,2.0483347923656843,1,110.9,3,-1,True,True
8,9111,1,-0.05654843022869917,-7.260598948694337,2,159.0,5,1,False,False
8,9111,2,0.017648092482383197,-8.490954352542136,2,129.7,4,0,False,True
8,9111,3,-0.021227273848041888,0.20113654394216093,1,142.4,7,3,False,False
8,9111,4,0.03648490951044133,-3.6446954262957765,1,130.4,4,0,True,True
8,9113,1,0.012926141507079002,0.04748088034883798,1,149.2,3,-1,True,True
8,9113,2,0.004683971830779431,-1.260257402846231,1,129.3,4,0,True,True
8,9113,3,0.031779954159523345,-8.106260146008221,2,135.8,4,0,True,True
8,9113,4,-0.12487225656332715,6.046712331095728,2,150.3,4,0,False,True
8,9115,1,0.20017755763528264,1.8946791287723608,1,123.1,3,-1,True,True
8,9115,2,0.12127607957328228,-1.3365301870922848,1,113.2,4,0,True,True
8,9115,3,0.1071442178961421,-1.7212243936261997,1,124.5,4,0,True,True
8,9115,4,0.044710083562354695,10.663042809502711,2,127.1,4,0,False,True
8,9130,1,-0.1142606135871824,-3.4147669784564,1,166.8,3,-1,False,True
8,9130,2,0.016463355832460592,-3.106345556168538,1,127.8,6,2,False,False
8,9134,1,-0.017690059522660295,-2.952689892575215,1,153.4,4,0,True,True
8,9134,2,-0.023579751523500878,-2.0296458159140616,1,132.9,4,0,False,True
8,9134,3,0.02589026215868277,-7.1832160693470675,2,134.8,4,0,True,True
8,9134,4,-0.037711613200641037,-2.4143400224479765,1,139.1,4,0,True,True
8,9135,1,0.0788804945418618,-2.4906128066940307,1,139.1,4,0,True,True
8,9135,2,0.0776957578919392,2.8939959896795684,1,118.5,4,0,True,True
8,9135,3,0.10006978924537892,4.586428479408553,1,125.4,4,0,True,True
8,9135,4,0.2025300353107416,4.1254614886285825,1,105.1,4,0,True,True
8,9136,1,-0.17667775229658358,-4.030499727930907,1,175.5,5,1,False,False
8,9136,2,-0.15313597991760747,5.277323918027898,2,150.3,8,4,False,False
8,9145,1,0.018815833507919585,-0.8755631963123156,1,148.4,4,0,True,True
8,9145,2,-0.06360586325507615,-13.952946028263005,2,142.1,3,-1,False,True
8,9145,3,0.10243926254522412,-6.182789113338645,2,124.9,5,1,False,False
8,9145,4,0.08123297221732079,-0.259830446837808,1,122.9,4,0,True,True
8,9174,1,-0.08718162688282467,2.7392302309850294,1,163.0,3,-1,True,True
8,9174,2,-0.1390041182404673,5.662018124561813,2,148.1,4,0,True,True
8,9183,1,-0.23674241333052579,-2.415450117549193,2,184.6,5,1,False,False
8,9183,2,-0.16843558262028402,-2.722761444735839,1,153.8,6,2,False,False
8,9235,1,-0.1778624889465062,1.354109068442691,2,176.6,5,1,True,False
8,9235,2,-0.05890090790415816,-9.49138130855056,2,141.2,4,0,False,True
8,9235,3,-0.058917903528544376,3.5086186440528597,1,149.1,4,0,False,True
8,9235,4,-0.0188747961725829,2.4319189037983833,1,135.6,4,0,True,True
8,9277,1,-0.09777627423458324,-0.799290412066262,1,163.6,4,0,False,True
8,9277,2,-0.12722473423878616,3.8159299712395054,2,147.1,4,0,True,True
8,9389,1,-0.049490997202322196,-0.5682518691256696,1,158.7,5,1,False,False
8,9389,2,0.027058003184219154,0.43217508688275325,1,126.3,4,0,True,True
8,9389,3,-0.014169840821664923,6.893483623510828,2,143.3,4,0,False,True
8,9389,4,0.15424475827848055,3.894422945687991,1,112.7,4,0,True,True
8,9391,1,-0.02593222919895987,-4.260428175770284,2,154.9,6,2,False,False
8,9391,2,-0.025949224823346082,8.739571776833134,2,132.8,4,0,True,True
8,9426,1,-0.09896101088450585,4.585318384307336,1,164.4,3,-1,True,True
8,9426,2,-0.05184347487778119,-2.799034228981892,1,136.8,4,0,True,True
8,9426,3,-0.10720318056080541,3.277580101112268,1,154.8,4,0,True,True
8,9426,4,0.009388927181697407,3.2013073168662136,1,132.4,4,0,True,True
8,9431,1,0.08712266421816137,-1.1828745234989613,1,138.4,4,0,True,True
8,9431,2,0.17074609325546589,-6.490100440525291,2,108.4,4,0,False,True
8,9431,3,0.08358544989277979,1.9709519130184145,1,128.1,4,0,False,True
8,9431,4,0.034132431834982345,-5.875477786151999,2,131.1,4,0,False,True
8,9436,1,-0.14370907359138532,1.200453404849368,1,170.2,5,1,False,False
8,9436,2,-0.07777171618098873,11.66235967040992,2,140.9,7,3,False,False
8,9449,1,-0.024747492549037266,-9.645036972143883,2,154.6,4,0,False,True
8,9449,2,-0.10485070288534643,5.50836246096849,2,143.7,4,0,True,True
8,9449,3,0.057674204213958455,3.4323458598068064,1,131.5,4,0,True,True
8,9449,4,0.03530017286051873,1.7399133700778222,1,129.3,3,-1,True,True
8,9465,1,-0.13546690391508573,2.5081916880444375,2,169.2,5,1,True,False
8,9465,2,-0.0012057201700611522,-0.3372133261850774,1,130.0,6,2,False,False
8,9465,3,0.12127607957328228,-1.3365301870922848,1,123.6,4,0,True,True
8,9465,4,0.03530017286051873,1.7399133700778222,1,128.3,4,0,True,True
8,9483,1,-0.15548845759306648,3.0465415581716746,2,172.7,5,1,False,False
8,9483,2,-0.09307131888366527,3.6622743076461832,1,141.9,4,0,True,True
8,9483,3,0.0447270791867409,-2.3369571431007072,1,133.0,4,0,True,True
8,9483,4,-0.04008108650048624,8.35487757029922,2,139.6,5,1,False,False
8,9487,1,0.010573663831620013,-2.1833014795073846,1,149.5,3,-1,True,True
8,9487,2,-0.06006864892969456,-17.106772464780377,2,145.2,5,1,False,False
8,9652,1,0.029410480859678147,2.6629574467389756,1,147.1,4,0,True,True
8,9652,2,-0.05656542585308539,5.739401003909082,1,137.7,4,0,True,True
8,9652,3,0.06002668188941745,5.6631282196630295,1,133.1,4,0,True,True
8,9652,4,-0.012985104171742317,1.5088748271372296,1,134.7,3,-1,True,True
8,9702,1,-0.01650532287273769,-8.337298688948813,2,153.0,5,1,False,False
8,9702,2,-0.0188747961725829,2.4319189037983833,1,132.3,4,0,False,True
8,9705,1,-0.18021496662196515,-0.8766732914135319,1,176.3,3,-1,True,True
8,9705,2,-0.012985104171742317,1.5088748271372296,1,131.2,4,0,False,True
8,9705,3,-0.0188747961725829,2.4319189037983833,1,141.7,5,1,False,False
8,9705,4,-0.008263153196438123,-7.029560405753744,2,136.1,4,0,True,True
8,9708,1,0.13187072692504082,2.2019904559590064,1,132.2,4,0,False,True
8,9708,2,0.12835050822404545,-7.644183060127037,2,113.3,4,0,True,True
8,9708,3,0.08829040524369774,6.432516632730859,1,128.4,4,0,True,True
8,9708,4,0.05413698988857686,6.586172296324183,1,125.4,4,0,False,True
8,9714,1,-0.13309743061524051,-8.26102590470276,2,168.5,4,0,False,True
8,9714,2,-0.07658697953106613,6.27775087403632,2,140.1,4,0,True,True
8,9723,1,-0.049490997202322196,-0.5682518691256696,1,158.3,4,0,True,True
8,9723,2,-0.02830170249880508,6.508789416976913,1,133.2,4,0,True,True
8,9750,1,-0.058917903528544376,3.5086186440528597,1,159.9,5,1,False,False
8,9750,2,-0.04360130520148162,-1.4912959457868233,1,135.9,4,0,False,True
8,9759,1,0.12246081622320487,-6.721138983465883,2,133.9,4,0,False,True
8,9759,2,0.06358089183918525,-10.490698169457767,2,123.9,5,1,False,False
8,9759,3,0.044710083562354695,10.663042809502711,2,136.7,6,2,False,False
8,9759,4,0.19193538795898304,0.5869408455772924,1,108.2,4,0,True,True
8,9765,1,-0.1142606135871824,-3.4147669784564,1,167.8,6,2,False,False
8,9765,2,-0.048306260552399595,-5.952860665499268,2,136.8,6,2,False,False
8,9765,3,-0.1472462879167669,4.354279841366744,2,159.5,4,0,False,True
8,9765,4,0.027074998808605366,-12.567824865720665,2,134.3,5,1,False,False
8,9784,1,0.17074609325546589,-6.490100440525291,2,127.1,4,0,True,True
8,9784,2,0.052969248863040476,-1.0292188599056387,1,122.1,3,-1,True,True
8,9784,3,0.10006978924537892,4.586428479408553,1,126.4,4,0,True,True
8,9784,4,0.17074609325546589,-6.490100440525291,2,112.1,4,0,False,True
8,9820,1,-0.06010264017846698,8.89322744042646,2,162.0,9,5,False,False
8,9820,2,-0.023579751523500878,-2.0296458159140616,1,132.2,4,0,True,True
8,9820,3,0.2037147719606642,-1.2591473077450144,1,111.7,3,-1,True,True
8,9820,4,0.044710083562354695,10.663042809502711,2,126.6,4,0,True,True
8,9937,1,-0.08834936790836108,-4.8761609252447915,1,162.4,5,1,True,False
8,9937,2,-0.12248578763909575,-17.722505214254888,2,153.1,5,1,False,False
8,9990,1,0.07652801686640281,-4.721395166550252,2,140.8,5,1,False,False
8,9990,2,0.016463355832460592,-3.106345556168538,1,127.8,4,0,True,True
8,9990,3,-0.06951255088030293,-0.029901998998431593,1,148.5,4,0,False,True
8,9990,4,-0.0012057201700611522,-0.3372133261850774,1,133.8,4,0,False,True
10,10002,1,0.012086728252638205,0.2616650262583952,1,302.4,5,0,True,True
10,10002,2,0.012086728252638205,0.2616650262583952,1,320.2,5,0,True,True
10,10002,3,0.00967205339065621,-4.83167794663134,2,313.4,5,0,False,True
10,10002,4,0.05028736561651169,1.8489692925225152,1,295.0,5,0,False,True
10,10022,1,0.05178957287524567,0.8602288911912088,1,290.2,4,-1,True,True
10,10022,2,0.03735723994339188,3.676809128951925,1,310.9,5,0,True,True
10,10022,3,0.021099971805042052,-5.670777381729445,2,308.9,6,1,True,False
10,10022,4,0.005488159562216358,11.287450407135971,4,0.0,7,2,False,False
10,10081,1,-0.014685990696849442,-2.1647386751038282,2,309.6,5,0,True,True
10,10081,2,-0.0032580722824636027,-3.0038381102019307,2,325.8,5,0,False,True
10,10081,3,0.047872690754529705,-3.2443736803672207,2,299.6,4,-1,True,True
10,10081,4,0.03494256508140989,-1.416533843937811,1,301.6,5,0,True,True
10,10083,1,0.01358893551137218,-0.7270753750729113,1,302.0,6,1,False,False
10,10083,2,0.0012485494937383187,-5.970059314195851,2,325.5,6,1,False,False
10,10083,3,0.008169846131922238,-3.8429375453000345,2,311.9,5,0,True,True
10,10083,4,0.022012439408290074,0.41130599249159866,1,305.8,4,-1,True,True
10,10095,1,0.026519061184491995,-2.554915211502321,2,294.8,5,0,True,True
10,10095,2,0.03435282542592393,5.654289931614539,1,311.8,6,1,True,False
10,10095,3,0.011496988597152254,7.332488801810744,2,311.0,5,0,True,True
10,10095,4,0.0632174912896315,0.021129456093105757,1,293.1,5,0,True,True
10,10097,1,0.0180955572875741,-3.6932965790668306,2,299.5,4,-1,False,True
10,10097,2,0.03193815056394194,0.560946958724802,1,312.8,5,0,False,True
10,10097,3,-0.042638188957308996,9.550505174638646,4,0.0,7,2,False,False
10,10097,4,0.06021307677216356,1.9986102587557188,1,293.7,5,0,True,True
10,10109,1,-0.011681576179381493,-4.142219477766441,2,308.4,5,0,False,True
10,10109,2,0.0006588098382523667,1.1007644613564982,1,322.8,5,0,True,True
10,10109,3,-0.013773523093601421,3.917344699117214,1,320.0,5,0,True,True
10,10109,4,-0.0008433974204816074,2.089504862687805,1,313.2,5,0,True,True
10,10112,1,-0.04687779902578704,-7.707004546693175,2,319.3,4,-1,True,True
10,10138,1,-0.08534544809738441,10.929422112368448,7,542.2,7,2,False,False
10,10138,2,-0.014685990696849442,-2.1647386751038282,2,329.2,5,0,False,True
10,10138,3,-0.03153299849068522,-4.441501410232848,2,324.2,5,0,True,True
10,10138,4,0.03585503268465791,4.665549530283231,1,302.0,5,0,True,True
10,10139,1,-0.013183783438115469,-3.1534790764351346,2,309.4,5,0,True,True
10,10139,2,0.011174260649390184,-5.820418347962648,2,319.9,6,1,False,False
10,10178,1,-0.15455841447922358,-10.34179557658972,2,353.3,7,2,False,False
10,10178,2,-0.14313049606483774,-11.180895011687824,2,371.1,6,1,False,False
10,10296,1,-0.033624945404905154,3.618062766650808,1,317.2,5,0,True,True
10,10296,2,0.016003610373354175,4.366267597816824,1,318.2,5,0,False,True
10,10296,3,0.08848800298038519,3.4362735587866355,1,285.8,6,1,True,False
10,10296,4,0.10683721803295496,4.724295892584349,1,279.2,5,0,True,True
10,10481,1,-0.0023456046792155816,3.0782452640191114,1,305.3,5,0,False,True
10,10481,2,0.0180955572875741,-3.6932965790668306,2,318.3,5,0,True,True
10,10481,3,0.03644477234014386,-2.4052742452691174,2,303.8,5,0,True,True
10,10481,4,0.05087710527199765,-5.221854483029834,2,296.4,6,1,False,False
10,10531,1,0.00607789921770231,4.216626631583622,1,304.8,5,0,False,True
10,10531,2,-0.03003079123195125,-5.430241811564154,2,334.8,5,0,False,True
10,10531,3,-0.013183783438115469,-3.1534790764351346,2,320.3,5,0,True,True
10,10531,4,0.07013878792781543,2.1482512249889223,1,291.3,5,0,True,True
10,10577,1,0.027431528787740012,3.5271681627187212,1,298.4,5,0,True,True
10,10577,2,-0.015275730352335398,4.9060851004485215,1,329.7,5,0,False,True
10,10577,3,0.030435943305207963,1.5496873600561083,1,306.0,5,0,True,True
10,10577,4,0.05087710527199765,-5.221854483029834,2,297.4,5,0,True,True
10,10586,1,-0.019192612473051363,0.8014825288900914,1,310.8,5,0,True,True
10,10586,2,0.05028736561651169,1.8489692925225152,1,309.4,5,0,True,True
10,10586,3,0.012086728252638205,0.2616650262583952,1,309.8,5,0,True,True
10,10586,4,0.02893373604647399,2.5384277613874153,1,303.3,5,0,True,True
10,10725,1,0.08247917394544929,7.391235164111861,2,280.3,4,-1,True,True
10,10725,2,0.06713437341034748,4.1257320276515355,1,302.2,5,0,True,True
10,10725,3,0.13961876601737847,3.1957379886213464,1,270.7,5,0,False,True
10,10725,4,0.15796798106994825,4.48376032241906,1,262.5,5,0,True,True
10,10726,1,-0.020105080076299388,-5.280600845330951,2,311.6,6,1,True,False
10,10726,2,0.03644477234014386,-2.4052742452691174,2,312.6,6,1,False,False
10,10726,3,0.012086728252638205,0.2616650262583952,1,311.7,5,0,True,True
10,10726,4,0.028021268443225972,-3.5436556128336276,2,303.1,6,1,True,False
10,10727,1,-0.05438883531945691,-2.763302540036642,1,323.2,5,0,True,True
10,10727,2,-0.036952087870135174,-7.55736358045997,2,338.6,5,0,False,True
10,10789,1,0.0006588098382523667,1.1007644613564982,1,304.9,5,0,True,True
10,10789,2,-0.02160728733503336,-4.291860443999645,2,329.9,5,0,False,True
10,10790,1,-0.07665493249274262,-8.155927445392784,2,329.1,6,1,False,False
10,10790,2,-0.009856640972885453,8.021947270675645,2,328.4,6,1,False,False
10,10790,3,0.04186386171959381,0.7105879249580055,1,301.4,5,0,True,True
10,10790,4,0.012999195855886228,6.343748400479438,2,308.3,6,1,True,False
10,10867,1,0.01750581763208815,3.3775271964855182,1,299.2,5,0,False,True
10,10867,2,-0.020694819731785337,1.7902229302213981,1,331.8,6,1,False,False
10,11040,1,-0.013183783438115469,-3.1534790764351346,2,308.3,5,0,False,True
10,11040,2,0.037946979598877835,-3.3940146466004246,2,313.1,6,1,True,False
10,11042,1,-0.026113909111235286,-1.3256392400057253,1,312.3,6,1,False,False
10,11042,2,-0.029118323628703233,0.651841562656888,1,332.9,5,0,False,True
10,11042,3,0.0021610170969863407,0.11202406002519179,1,313.1,5,0,True,True
10,11042,4,0.03735723994339188,3.676809128951925,1,300.3,5,0,True,True
10,11045,1,0.05178957287524567,0.8602288911912088,1,288.8,5,0,True,True
10,11045,2,0.025929321529006042,4.515908564050028,1,315.8,5,0,False,True
10,11056,1,-0.008677161661913546,-6.119700280429054,2,307.6,7,2,False,False
10,11056,2,-0.0038478119379495553,4.066985665350417,1,325.0,6,1,True,False
10,11057,1,0.047872690754529705,-3.2443736803672207,2,289.1,5,0,False,True
10,11057,2,0.05028736561651169,1.8489692925225152,1,307.2,5,0,False,True
10,11060,1,0.0180955572875741,-3.6932965790668306,2,300.2,4,-1,True,True
10,11060,2,0.015091142770106154,-1.7158157764042177,2,320.6,5,0,True,True
10,11060,3,0.02893373604647399,2.5384277613874153,1,303.9,6,1,True,False
10,11060,4,0.05028736561651169,1.8489692925225152,1,295.6,5,0,True,True
10,11066,1,-0.27484642765801787,2.004160379716538,4,0.0,7,2,False,False
10,11066,2,-0.00025365776499565543,-4.981318912864545,2,324.9,6,1,False,False
10,11066,3,-0.005350019196683531,5.055726066681724,1,316.2,5,0,True,True
10,11066,4,0.00607789921770231,4.216626631583622,1,312.2,5,0,True,True
10,11073,1,0.003073484700234361,6.194107434246234,2,304.1,5,0,False,True
10,11073,2,-0.012271315834867447,2.928604297785908,1,328.7,5,0,False,True
10,11076,1,-0.01710066555883144,-7.258081647993564,2,309.1,7,2,False,False
10,11134,1,0.0021610170969863407,0.11202406002519179,1,302.8,5,0,True,True
10,11134,2,0.040951394116345775,-5.371495449263037,2,312.6,5,0,True,True
10,11134,3,0.05178957287524567,0.8602288911912088,1,299.6,5,0,True,True
10,11134,4,0.03735723994339188,3.676809128951925,1,301.3,5,0,True,True
10,11143,1,0.015091142770106154,-1.7158157764042177,2,298.5,5,0,False,True
10,11143,2,0.0205102321495561,1.4000463938229053,1,317.9,5,0,True,True
10,11143,3,0.05178957287524567,0.8602288911912088,1,297.8,5,0,True,True
10,11143,4,0.05779840191018156,-3.0947327141340173,2,293.4,5,0,True,True
10,11216,1,0.0012485494937383187,-5.970059314195851,2,303.5,5,0,False,True
10,11216,2,-0.05530130292270493,-8.845385914257685,2,344.1,6,1,False,False
10,11447,1,-0.04296091690507107,-3.6024019751347445,2,316.8,5,0,True,True
10,11447,2,-0.13588647147889177,4.099133906981386,2,366.1,7,2,False,False
10,11447,3,-0.011681576179381493,-4.142219477766441,2,319.2,5,0,True,True
10,11447,4,0.016003610373354175,4.366267597816824,1,308.7,5,0,True,True
10,11469,1,-0.09951076932151431,-6.477728575196578,2,337.5,8,3,False,False
10,11469,2,-0.06672922133709076,-8.00628647915958,2,345.9,7,2,False,False
10,11640,1,0.05087710527199765,-5.221854483029834,2,287.9,7,2,False,False
10,11640,2,0.04578074384030977,4.815190496516435,1,308.7,5,0,False,True
10,11640,3,0.03193815056394194,0.560946958724802,1,304.5,6,1,False,False
10,11640,4,0.12126955096480874,1.907715654823633,1,273.1,5,0,False,True
10,11770,1,-0.0008433974204816074,2.089504862687805,1,304.3,7,2,False,False
10,11770,2,0.03494256508140989,-1.416533843937811,2,314.5,4,-1,False,True
10,11770,3,0.03585503268465791,4.665549530283231,1,301.8,5,0,True,True
10,11770,4,0.031348410908455984,7.6317707342771515,2,302.3,5,0,True,True
10,11978,1,-0.07091311516553062,8.11284187460773,4,0.0,7,2,False,False
10,12038,1,-0.016188197955583416,-1.1759982737725216,1,310.0,5,0,True,True
10,12038,2,0.008169846131922238,-3.8429375453000345,2,321.7,5,0,False,True
10,12078,1,-0.0354498806114012,-8.546103981791276,2,316.1,8,3,False,False
10,12078,2,-0.007174954403179571,-7.108440681760361,2,326.7,8,3,False,False
10,12080,1,-0.05830571744017288,-6.867905111595072,2,321.7,7,2,False,False
10,12080,2,-0.04537559176705307,-8.69574494802448,2,341.6,5,0,False,True
10,13386,1,0.029523475701959942,-4.5323960141649335,2,294.4,5,0,False,True
10,13386,2,0.03252789021942789,-6.509876816827547,2,315.5,5,0,False,True
10,1521,1,-0.022197026990519314,2.7789633315527045,1,312.4,5,0,False,True
10,1521,2,-0.009266901317399498,0.9511234951232949,1,327.9,6,1,False,False
10,6916,1,0.0021610170969863407,0.11202406002519179,1,305.6,5,0,False,True
10,6916,2,0.00908231373517026,2.2391458289210084,1,322.0,6,1,True,False
10,8179,1,0.007580106476436285,3.2278862302523152,1,303.4,6,1,True,False
10,8179,2,-0.015598458300097467,-8.246822049324871,2,331.5,5,0,False,True
10,8179,3,0.024427114270272065,5.504648965381335,1,305.8,5,0,True,True
10,8179,4,0.08907774263587113,-3.6345502167657133,2,285.2,5,0,True,True
10,8234,1,-0.0077646940586655255,-0.03761690620801163,1,306.9,5,0,False,True
10,8234,2,-0.03153299849068522,-4.441501410232848,2,335.1,5,0,True,True
10,8240,1,-0.037541827525621116,-0.4865398049076219,1,316.6,5,0,False,True
10,8243,1,-0.019192612473051363,0.8014825288900914,1,309.6,5,0,True,True
10,8243,2,-0.05138442080198896,-4.740783342699255,2,339.6,5,0,False,True
10,8243,3,-0.013773523093601421,3.917344699117214,1,317.4,5,0,True,True
10,8243,4,-0.014685990696849442,-2.1647386751038282,2,315.2,6,1,False,False
10,8246,1,-0.07091311516553062,8.11284187460773,4,0.0,9,4,False,False
10,8277,1,-0.023699234249253288,3.767703732884011,1,313.2,5,0,True,True
10,8277,2,-0.07665493249274262,-8.155927445392784,2,348.9,5,0,True,True
10,8277,3,-0.011681576179381493,-4.142219477766441,2,318.0,4,-1,True,True
10,8277,4,-0.0354498806114012,-8.546103981791276,2,324.2,6,1,False,False
10,8284,1,0.0205102321495561,1.4000463938229053,1,299.0,5,0,False,True
10,8284,2,-0.032122738146171184,2.6293223653195015,1,332.6,5,0,True,True
10,8284,3,0.02501685392575802,-1.5661748101710142,2,306.1,5,0,False,True
10,8284,4,-0.023699234249253288,3.767703732884011,1,320.8,6,1,True,False
10,8300,1,0.01750581763208815,3.3775271964855182,1,299.1,5,0,False,True
10,8300,2,0.019597764546308075,-4.682036980398137,2,317.6,4,-1,True,True
10,8300,3,0.037946979598877835,-3.3940146466004246,2,302.4,5,0,False,True
10,8300,4,0.06021307677216356,1.9986102587557188,1,291.8,5,0,True,True
10,8318,1,-0.04355065656055702,3.468421800417604,1,319.0,5,0,False,True
10,8318,2,0.00908231373517026,2.2391458289210084,1,320.9,7,2,False,False
10,8380,1,-0.0366293599223731,5.595543569313421,2,318.3,5,0,True,True
10,8380,2,0.006667638873188264,-2.8541971439687277,2,323.6,6,1,True,False
10,8380,3,0.012086728252638205,0.2616650262583952,1,309.4,5,0,False,True
10,8380,4,0.006667638873188264,-2.8541971439687277,2,311.1,6,1,True,False
10,8386,1,-0.18251061273968314,1.373448273152756,2,362.2,5,0,False,True
10,8386,2,0.008169846131922238,-3.8429375453000345,2,321.9,5,0,True,True
10,8392,1,0.04186386171959381,0.7105879249580055,1,291.6,5,0,False,True
10,8392,2,0.016593350028840128,-2.7045561777355247,2,317.7,5,0,True,True
10,8392,3,0.007580106476436285,3.2278862302523152,1,310.9,6,1,False,False
10,8392,4,0.030435943305207963,1.5496873600561083,1,301.2,4,-1,True,True
10,8430,1,-0.020105080076299388,-5.280600845330951,2,310.6,7,2,False,False
10,8430,2,0.010584520993904233,1.2504054275897016,1,320.6,5,0,True,True
10,8434,1,-0.14189530051382765,8.054095512306613,7,542.2,8,3,False,False
10,8434,2,0.0042529640112062665,-7.947540116858463,2,323.1,7,2,False,False
10,8589,1,-0.024288973904739244,10.83852750843636,4,0.0,7,2,False,False
10,8589,2,0.022012439408290074,0.41130599249159866,1,315.6,4,-1,True,True
10,8589,3,0.06171528403089753,1.0098698574244123,1,296.3,5,0,True,True
10,8589,4,0.101418128653505,1.608433722357226,1,281.3,5,0,True,True
10,8770,1,-0.05288662806072293,-3.7520429413679484,2,320.5,5,0,False,True
10,8770,2,-0.059807924698906854,-5.8791647102637645,2,345.0,6,1,False,False
10,8772,1,-0.006262486799931551,-1.0263573075393182,1,307.9,5,0,False,True
10,8772,2,0.019008024890822123,2.388786795154212,1,319.0,4,-1,True,True
10,8772,3,0.025929321529006042,4.515908564050028,1,305.5,5,0,False,True
10,8772,4,0.012999195855886228,6.343748400479438,2,308.0,5,0,True,True
10,8811,1,0.012086728252638205,0.2616650262583952,1,301.9,6,1,False,False
10,8811,2,-0.018602872817565414,-6.2693412466622584,2,329.9,6,1,False,False
10,8838,1,-0.06340207887186076,3.169139867951197,2,324.6,5,0,False,True
10,8838,2,-0.0366293599223731,5.595543569313421,2,334.6,5,0,True,True
10,8838,3,0.0021610170969863407,0.11202406002519179,1,313.2,5,0,True,True
10,8838,4,0.03494256508140989,-1.416533843937811,2,301.5,5,0,True,True
10,8840,1,-0.06431454647510877,-2.912943506269845,1,323.6,5,0,False,True
10,8840,2,-0.060397664354392804,1.1916590652885843,1,343.0,5,0,True,True
10,8859,1,-0.010769108576133472,1.9398638964546016,1,307.3,5,0,True,True
10,8859,2,-0.0014331370759675614,9.160328638240154,2,325.2,4,-1,False,True
10,8859,3,0.04637048349579573,-2.255633279035914,2,301.2,6,1,False,False
10,8859,4,0.012676467908124158,-6.809158749293954,2,309.8,6,1,False,False
10,8881,1,0.003985952303482383,12.276190808467277,4,0.0,8,3,False,False
10,8881,2,0.03193815056394194,0.560946958724802,1,315.6,5,0,True,True
10,8881,3,-0.00025365776499565543,-4.981318912864545,2,315.9,6,1,False,False
10,8881,4,-0.004760279541197577,-2.015097708870625,2,314.0,5,0,True,True
10,8883,1,-0.04204844930182305,2.4796813990862976,1,317.2,5,0,True,True
10,8883,2,-0.030620530887437204,1.6405819639881947,1,334.4,4,-1,True,True
10,8884,1,-0.07424025763076063,-3.0625844725030484,1,326.7,5,0,True,True
10,8884,2,-0.018280144869803346,6.883565903111134,2,331.0,5,0,True,True
10,8884,3,-0.04446312416380504,-2.613661573803438,2,328.8,4,-1,False,True
10,8884,4,-0.05288662806072293,-3.7520429413679484,2,329.5,5,0,False,True
10,8972,1,-0.08357622913092655,-10.283049214288601,2,331.0,6,1,False,False
10,8972,2,-0.0023456046792155816,3.0782452640191114,1,325.6,4,-1,True,True
10,9000,1,-0.051974160457474904,2.330040432853094,1,320.8,5,0,True,True
10,9000,2,-0.0008433974204816074,2.089504862687805,1,322.6,5,0,True,True
10,9000,3,0.00607789921770231,4.216626631583622,1,311.6,5,0,True,True
10,9000,4,-0.010769108576133472,1.9398638964546016,1,315.4,5,0,True,True
10,9082,1,-0.14280776811707568,1.9720121380855697,2,349.8,6,1,False,False
10,9082,2,-0.032122738146171184,2.6293223653195015,1,333.3,5,0,True,True
10,9082,3,-0.05047195319874093,1.3413000315217878,1,329.6,4,-1,True,True
10,9082,4,-0.006262486799931551,-1.0263573075393182,1,313.1,4,-1,False,True
10,9089,1,-0.027026376714483304,-7.407722614226768,2,313.2,5,0,True,True
10,9089,2,0.038859447202125856,2.6880687276206188,1,313.4,4,-1,True,True
10,9089,3,0.07405567004853139,6.252853796547352,1,289.7,6,1,True,False
10,9089,4,0.03735723994339188,3.676809128951925,1,301.3,5,0,True,True
10,9111,1,-0.05438883531945691,-2.763302540036642,2,322.6,5,0,False,True
10,9111,2,-0.024611701852501312,-2.3143796413370317,2,330.9,5,0,True,True
10,9111,3,-0.023109494593767335,-3.3031200426683385,2,320.9,6,1,True,False
10,9111,4,-0.01017936892064752,-5.130959879097747,2,315.3,6,1,False,False
10,9113,1,-0.04145870964633709,-4.591142376466052,2,318.9,5,0,True,True
10,9113,2,-0.046555071078024965,5.445902603080218,2,337.5,4,-1,True,True
10,9113,3,-0.04204844930182305,2.4796813990862976,1,328.4,5,0,True,True
10,9113,4,-0.06340207887186076,3.169139867951197,1,332.7,5,0,True,True
10,9115,1,0.05570645499596163,4.964831462749638,1,289.7,6,1,False,False
10,9115,2,0.05028736561651169,1.8489692925225152,1,309.1,5,0,True,True
10,9115,3,0.0869857957216512,4.425013960117942,1,287.6,5,0,True,True
10,9115,4,0.11976734370607475,2.8964560561549395,1,275.6,4,-1,True,True
10,9130,1,-0.032122738146171184,2.6293223653195015,1,315.2,7,2,False,False
10,9130,2,-0.033624945404905154,3.618062766650808,1,334.4,5,0,True,True
10,9134,1,-0.01769040521431739,-0.18725787244121503,1,309.7,5,0,True,True
10,9134,2,-0.05138442080198896,-4.740783342699255,2,341.6,6,1,False,False
10,9134,3,0.019597764546308075,-4.682036980398137,2,308.6,5,0,False,True
10,9134,4,0.01750581763208815,3.3775271964855182,1,308.1,4,-1,True,True
10,9135,1,0.047872690754529705,-3.2443736803672207,2,290.2,6,1,False,False
10,9135,2,0.019008024890822123,2.388786795154212,1,317.0,5,0,False,True
10,9135,3,0.01750581763208815,3.3775271964855182,1,307.5,6,1,False,False
10,9135,4,0.05028736561651169,1.8489692925225152,1,297.6,6,1,False,False
10,9136,1,-0.0038478119379495553,4.066985665350417,1,308.1,5,0,True,True
10,9136,2,-0.012271315834867447,2.928604297785908,1,327.0,5,0,False,True
10,9145,1,0.0036632243557203144,-0.8767163413061148,1,303.4,6,1,False,False
10,9145,2,-0.0023456046792155816,3.0782452640191114,1,324.3,5,0,True,True
10,9145,3,-0.011681576179381493,-4.142219477766441,2,318.9,5,0,False,True
10,9145,4,0.011174260649390184,-5.820418347962648,2,308.4,4,-1,True,True
10,9174,1,-0.0056727471444455975,-8.097181083091668,2,306.6,7,2,False,False
10,9174,2,0.03193815056394194,0.560946958724802,1,314.5,5,0,False,True
10,9183,1,-0.07574246488949461,-2.073844071171742,1,328.3,5,0,False,True
10,9183,2,-0.036039620266887146,-1.4752802062389283,1,334.1,5,0,False,True
10,9235,1,-0.04537559176705307,-8.69574494802448,2,320.3,5,0,False,True
10,9235,2,0.00908231373517026,2.2391458289210084,1,322.6,5,0,False,True
10,9235,3,-0.030620530887437204,1.6405819639881947,1,324.1,5,0,True,True
10,9235,4,0.04036165446085983,1.6993283262893122,1,298.5,5,0,True,True
10,9277,1,-0.03453741300815317,-2.4640206075702347,2,315.8,5,0,True,True
10,9277,2,-0.033624945404905154,3.618062766650808,1,334.7,6,1,False,False
10,9389,1,-0.012271315834867447,2.928604297785908,1,308.6,5,0,True,True
10,9389,2,0.022012439408290074,0.41130599249159866,1,315.7,5,0,True,True
10,9389,3,0.06863658066908146,3.136991626320229,1,291.6,5,0,False,True
10,9389,4,0.060802816427649516,-5.072213516796631,2,292.8,6,1,True,False
10,9391,1,-0.018602872817565414,-6.2693412466622584,2,311.3,5,0,True,True
10,9391,2,0.010584520993904233,1.2504054275897016,1,321.4,5,0,False,True
10,9426,1,-0.04054624204308907,1.4909409977549912,1,318.8,7,2,False,False
10,9426,2,-0.023699234249253288,3.767703732884011,1,331.8,4,-1,True,True
10,9426,3,-0.004760279541197577,-2.015097708870625,2,316.8,5,0,True,True
10,9426,4,-0.01017936892064752,-5.130959879097747,2,314.1,5,0,True,True
10,9431,1,0.021099971805042052,-5.670777381729445,2,298.8,4,-1,True,True
10,9431,2,0.006667638873188264,-2.8541971439687277,2,323.1,5,0,False,True
10,9431,3,0.027431528787740012,3.5271681627187212,1,305.2,5,0,True,True
10,9431,4,0.0716409951865494,1.1595108236576157,1,288.4,5,0,True,True
10,9436,1,-0.013773523093601421,3.917344699117214,1,309.0,5,0,False,True
10,9436,2,0.016593350028840128,-2.7045561777355247,2,320.6,5,0,True,True
10,9449,1,-0.013183783438115469,-3.1534790764351346,2,310.4,5,0,False,True
10,9449,2,-0.031210270542923156,8.711405739540544,4,0.0,7,2,False,False
10,9449,3,-0.020105080076299388,-5.280600845330951,2,322.5,4,-1,True,True
10,9449,4,0.04186386171959381,0.7105879249580055,1,298.9,5,0,True,True
10,9465,1,-0.04988221354325499,-5.729523744030561,2,319.3,6,1,True,False
10,9465,2,0.00607789921770231,4.216626631583622,1,320.4,5,0,True,True
10,9465,3,-0.013183783438115469,-3.1534790764351346,2,318.9,4,-1,True,True
10,9465,4,0.04336606897832778,-0.2781524763733011,1,297.3,5,0,True,True
10,9483,1,0.01750581763208815,3.3775271964855182,1,299.7,5,0,True,True
10,9483,2,-0.006262486799931551,-1.0263573075393182,1,327.3,5,0,False,True
10,9483,3,-0.04204844930182305,2.4796813990862976,1,326.7,6,1,False,False
10,9483,4,-0.0032580722824636027,-3.0038381102019307,2,312.3,5,0,True,True
10,9487,1,-0.009266901317399498,0.9511234951232949,1,308.0,5,0,False,True
10,9487,2,0.03193815056394194,0.560946958724802,1,313.3,5,0,False,True
10,9652,1,0.0006588098382523667,1.1007644613564982,1,306.2,5,0,False,True
10,9652,2,0.00908231373517026,2.2391458289210084,1,321.0,6,1,True,False
10,9652,3,-0.03003079123195125,-5.430241811564154,2,323.4,5,0,True,True
10,9652,4,0.021099971805042052,-5.670777381729445,2,305.8,5,0,False,True
10,9702,1,-0.05047195319874093,1.3413000315217878,1,322.5,5,0,False,True
10,9702,2,-0.016188197955583416,-1.1759982737725216,1,330.5,6,1,False,False
10,9705,1,-0.0664064933893287,5.14662067061381,2,326.9,5,0,False,True
10,9705,2,-0.024611701852501312,-2.3143796413370317,2,333.3,5,0,True,True
10,9705,3,-0.05047195319874093,1.3413000315217878,1,331.2,5,0,True,True
10,9705,4,0.023514646667024047,-0.577434408839708,1,304.7,5,0,True,True
10,9708,1,0.053291780133979644,-0.12851151014009768,1,288.4,5,0,True,True
10,9708,2,0.04186386171959381,0.7105879249580055,1,310.1,5,0,False,True
10,9708,3,0.00967205339065621,-4.83167794663134,2,311.2,6,1,True,False
10,9708,4,0.03585503268465791,4.665549530283231,1,301.2,5,0,True,True
10,9714,1,-0.014685990696849442,-2.1647386751038282,2,309.6,6,1,False,False
10,9714,2,-0.04355065656055702,3.468421800417604,1,338.7,5,0,False,True
10,9723,1,-0.006852226455417505,6.04446646801303,2,307.1,5,0,False,True
10,9723,2,0.0036632243557203144,-0.8767163413061148,1,324.4,5,0,False,True
10,9750,1,-0.012861055490353402,9.999428073338256,4,0.0,8,3,False,False
10,9750,2,-0.0366293599223731,5.595543569313421,2,336.7,5,0,True,True
10,9759,1,0.024427114270272065,5.504648965381335,1,298.9,4,-1,True,True
10,9759,2,-0.01017936892064752,-5.130959879097747,2,327.5,5,0,True,True
10,9759,3,0.006667638873188264,-2.8541971439687277,2,313.2,5,0,True,True
10,9759,4,0.04728295109904374,3.826450095185129,1,298.7,5,0,False,True
10,9765,1,-0.03995650238760312,-5.5798827777973585,2,319.1,6,1,False,False
10,9765,2,0.019008024890822123,2.388786795154212,1,318.0,5,0,True,True
10,9765,3,-0.006262486799931551,-1.0263573075393182,1,316.5,4,-1,True,True
10,9765,4,-0.01017936892064752,-5.130959879097747,2,316.4,6,1,True,False
10,9784,1,0.00908231373517026,2.2391458289210084,1,303.8,5,0,True,True
10,9784,2,0.0205102321495561,1.4000463938229053,1,316.1,5,0,True,True
10,9784,3,0.04878515835777772,2.837709693853822,1,297.6,5,0,True,True
10,9784,4,0.07405567004853139,6.252853796547352,1,289.3,5,0,False,True
10,9820,1,0.023514646667024047,-0.577434408839708,1,297.8,5,0,True,True
10,9820,2,0.022012439408290074,0.41130599249159866,1,318.2,5,0,True,True
10,9820,3,-0.016188197955583416,-1.1759982737725216,1,318.3,4,-1,True,True
10,9820,4,0.037946979598877835,-3.3940146466004246,2,299.8,6,1,False,False
10,9937,1,-0.07182558276877865,2.0307585003866877,1,326.2,6,1,False,False
10,9937,2,-0.04355065656055702,3.468421800417604,1,336.5,5,0,True,True
10,9990,1,0.0205102321495561,1.4000463938229053,1,298.9,5,0,False,True
10,9990,2,0.022012439408290074,0.41130599249159866,1,317.9,4,-1,False,True
10,9990,3,0.022012439408290074,0.41130599249159866,1,308.5,5,0,False,True
10,9990,4,0.022012439408290074,0.41130599249159866,1,303.7,5,0,True,True
12,10002,1,0.050348145075645195,-4.580119627754398,2,143.5,4,0,False,True
12,10002,2,-0.02455088864467601,-10.444635692254044,2,177.0,4,0,False,True
12,10002,3,-0.020906732759732857,0.9546676023955,1,155.0,3,-1,True,True
12,10002,4,0.006968618836124745,3.5489070075675735,1,149.3,3,-1,False,True
12,10022,1,-0.2964798683853108,14.571816454870413,2,202.7,5,1,False,False
12,10022,2,0.016159415455321444,-22.69313045096196,2,177.7,5,1,False,False
12,10022,3,-0.13410242753726606,-6.2619229704151405,2,175.2,6,2,False,False
12,10022,4,-0.06356690435057066,-1.3565079814237833,1,162.4,4,0,False,True
12,10081,1,0.06610789881604558,2.41665172215641,1,142.1,4,0,True,True
12,10081,2,0.039926835614290786,-3.337954730893319,2,164.0,3,-1,True,True
12,10081,3,-0.025270243293358655,-0.004433473112788361,1,155.9,4,0,True,True
12,10081,4,-0.004427624370649838,-2.488763266834946,1,151.8,4,0,True,True
12,10083,1,-0.020906732759732857,0.9546676023955,1,153.8,5,1,False,False
12,10083,2,-0.04708779596148764,-4.79993885065423,2,178.2,5,1,False,False
12,10083,3,-0.038360774894236054,-2.8817366996376528,2,160.1,4,0,False,True
12,10083,4,-6.411383702403902e-05,-1.5296621913266584,1,150.4,4,0,True,True
12,10095,1,0.07047140934967137,3.375752797664698,1,141.3,4,0,True,True
12,10095,2,0.06610789881604558,2.41665172215641,1,161.3,5,1,True,False
12,10095,3,0.06975205470098872,13.815955016805953,7,382.4,6,2,False,False
12,10095,4,0.06877712095556855,6.536119845542354,2,141.0,4,0,True,True
12,10097,1,-0.042724285427861844,-3.8408377751459413,2,158.0,4,0,True,True
12,10097,2,0.0026051083024989452,2.5898059320592854,1,171.2,4,0,True,True
12,10097,3,0.05301736721516818,-0.4606515043684544,1,145.3,4,0,True,True
12,10097,4,0.038232547220187964,-0.17758768301566358,1,145.3,4,0,True,True
12,10109,1,0.131304977723695,-0.9168695356241202,1,131.1,5,1,True,False
12,10109,2,0.046959568287439565,1.740614468000913,1,162.8,5,1,True,False
12,10109,3,0.01641499455205898,-4.9730930605571055,2,151.2,4,0,False,True
12,10109,4,0.050348145075645195,-4.580119627754398,2,145.3,4,0,True,True
12,10112,1,0.0459846345420194,-5.539220703262687,2,143.3,4,0,True,True
12,10138,1,0.005993685090704573,-3.7309281636960256,2,150.6,5,1,False,False
12,10138,2,0.01641499455205898,-4.9730930605571055,2,168.9,4,0,True,True
12,10138,3,-0.11736774005144553,8.014683550759267,6,172.1,5,1,False,False
12,10138,4,-0.027939465432881637,-4.123901596498732,2,157.6,4,0,True,True
12,10139,1,-0.009510489552958279,6.99233787679802,2,153.5,5,1,False,False
12,10139,2,-0.3216859978416454,16.097045173084283,2,223.8,8,4,False,False
12,10178,1,-0.18379533180125268,-13.651667753128654,2,182.0,5,1,False,False
12,10178,2,-0.21870341607025903,-21.32447635719496,5,0.0,7,3,False,False
12,10296,1,0.1608746177136554,-1.4829971783297018,1,126.6,3,-1,True,True
12,10296,2,0.10101598308505196,10.089460326222715,2,156.4,4,0,False,True
12,10296,3,0.17396514931453283,1.3943060481951626,1,126.0,5,1,True,False
12,10296,4,0.153122530391824,3.8786358419173212,1,126.0,4,0,True,True
12,10481,1,0.008662907230227557,0.3885399596899181,1,148.7,5,1,True,False
12,10481,2,0.0026051083024989452,2.5898059320592854,1,170.8,4,0,True,True
12,10481,3,-0.014848933832004245,-1.2465983699738676,1,154.3,4,0,True,True
12,10481,4,-0.05483988328331907,0.5616941695927933,1,159.3,5,1,False,False
12,10531,1,0.13299926611779783,-4.077236583501776,2,131.2,5,1,True,False
12,10531,2,-0.00612191276475265,0.671603781042709,1,171.2,5,1,False,False
12,10531,3,-0.1374910043254717,0.05881112534017106,1,174.8,5,1,True,False
12,10531,4,0.049628790426962555,5.860082591386857,2,144.7,4,0,True,True
12,10577,1,0.14778408611277805,-4.360300404854567,2,126.6,4,0,True,True
12,10577,2,0.1487590198581982,2.9195347664090328,1,148.0,4,0,True,True
12,10577,3,-6.411383702403902e-05,-1.5296621913266584,1,152.7,3,-1,True,True
12,10577,4,0.1104623588009862,1.5674602580980375,1,132.6,4,0,True,True
12,10586,1,-0.07496314755734525,-7.394178255826304,2,162.4,4,0,True,True
12,10586,2,0.046959568287439565,1.740614468000913,1,163.4,3,-1,True,True
12,10586,3,0.039926835614290786,-3.337954730893319,2,147.8,4,0,False,True
12,10586,4,-0.06017832756236504,-7.677242077179095,2,162.0,6,2,False,False
12,10725,1,0.22268311983309924,1.5042156596450782,1,115.7,4,0,True,True
12,10725,2,0.22437740822720206,-1.6561513882325773,1,134.4,4,0,True,True
12,10725,3,0.1060988482673604,0.6083591825897496,1,135.6,4,0,True,True
12,10725,4,-0.019212444365630042,-2.2056994454821557,1,154.9,4,0,True,True
12,10726,1,-0.1445237369986205,-5.01975807355406,2,174.7,4,0,False,True
12,10726,2,-0.0034526906252296662,4.7910719044286525,1,170.6,4,0,True,True
12,10726,3,-0.022601021153835672,4.115034650273155,1,156.2,4,0,True,True
12,10726,4,-0.06356690435057066,-1.3565079814237833,1,161.9,5,1,False,False
12,10727,1,-0.35900772515343726,22.02480583603689,2,216.9,6,2,False,False
12,10727,2,-0.11300422951781974,8.973784626267555,6,189.5,5,1,False,False
12,10789,1,-0.01751815597152723,-5.366066493359812,2,154.4,4,0,False,True
12,10789,2,0.050348145075645195,-4.580119627754398,2,162.7,4,0,True,True
12,10790,1,-0.0007834684857066868,8.910540027814594,2,155.2,4,0,False,True
12,10790,2,0.0913140282723802,0.8914230039425405,1,156.0,5,1,True,False
12,10790,3,0.013026417763853354,1.3476410351982064,1,151.3,4,0,True,True
12,10790,4,-0.05483988328331907,0.5616941695927933,1,159.3,5,1,True,False
12,10867,1,-0.13143320539774309,-2.1424548470291964,1,173.0,4,0,False,True
12,10867,2,-0.14888724753224628,-5.97885914906235,2,194.4,4,0,True,True
12,11040,1,0.0009108199083961317,5.7501729799369405,2,151.3,4,0,True,True
12,11040,2,-0.027939465432881637,-4.123901596498732,2,174.8,4,0,False,True
12,11042,1,-0.33041301890889707,14.178843022067706,2,207.0,4,0,False,True
12,11042,2,0.07216569774377418,0.21538574978704295,1,160.3,5,1,False,False
12,11042,3,0.036538258826085156,2.9827793648619916,1,148.4,5,1,False,False
12,11042,4,0.10004104933963179,2.8096251549591167,1,136.4,4,0,True,True
12,11045,1,0.005993685090704573,-3.7309281636960256,2,149.4,5,1,False,False
12,11045,2,0.07580985362871734,11.614689044436586,2,162.0,6,2,False,False
12,11056,1,0.2217081860876791,-5.775619511618521,2,116.7,5,1,False,False
12,11056,2,0.08089271881102578,2.1335879008036196,1,158.2,4,0,True,True
12,11057,1,0.11918937986823779,3.485662409114614,1,133.3,5,1,False,False
12,11057,2,-0.012179711692481263,2.8728697534120764,1,172.6,5,1,False,False
12,11060,1,0.1397764196942091,-16.718704775012398,2,133.6,5,1,False,False
12,11060,2,-0.2964798683853108,14.571816454870413,2,220.5,5,1,False,False
12,11060,3,0.011332129369750542,4.508008083075862,1,152.4,4,0,True,True
12,11060,4,0.039207480965608145,7.1022474882479365,2,145.0,5,1,False,False
12,11066,1,0.09033909452696001,-6.388412167321059,2,138.1,4,0,False,True
12,11066,2,0.01641499455205898,-4.9730930605571055,2,169.0,5,1,True,False
12,11066,3,0.06610789881604558,2.41665172215641,1,142.9,3,-1,True,True
12,11066,4,0.050348145075645195,-4.580119627754398,2,145.5,5,1,False,False
12,11073,1,0.131304977723695,-0.9168695356241202,1,129.5,5,1,True,False
12,11073,2,0.114825869334612,2.5265613336063257,1,153.7,4,0,True,True
12,11076,1,-0.13651607058005152,7.338646296603771,6,173.2,4,0,False,True
12,11134,1,-0.041029997033759036,-7.001204823023596,2,157.6,4,0,True,True
12,11134,2,0.10635442736409792,18.328396572994606,2,160.3,6,2,False,False
12,11134,3,-0.04708779596148764,-4.79993885065423,2,159.9,5,1,False,False
12,11134,4,-0.014848933832004245,-1.2465983699738676,1,153.2,4,0,False,True
12,11143,1,-0.032302975966507434,-5.08300267200702,2,155.8,6,2,False,False
12,11143,2,0.0842812955992314,-4.1871461949516915,2,158.6,4,0,False,True
12,11143,3,0.17832865984815863,2.353407123703451,1,125.8,4,0,True,True
12,11143,4,0.093008316666483,-2.2689440439351154,1,137.3,5,1,False,False
12,11216,1,0.011332129369750542,4.508008083075862,1,150.6,4,0,True,True
12,11216,2,0.060769454536999605,-5.822284524615477,2,162.4,4,0,True,True
12,11447,1,0.1225779566564434,-2.8350716866406964,1,132.1,4,0,True,True
12,11447,2,0.005993685090704573,-3.7309281636960256,2,170.9,5,1,True,False
12,11447,3,0.02175343883110495,3.265843186214783,1,149.5,4,0,True,True
12,11447,4,0.005993685090704573,-3.7309281636960256,2,150.4,5,1,True,False
12,11469,1,-0.1253754064700145,-4.343720819398564,2,171.0,4,0,True,True
12,11469,2,0.01738992829747915,2.306742110706495,1,168.3,5,1,False,False
12,11640,1,0.03048045989835655,5.1840453372313595,2,147.0,4,0,True,True
12,11640,2,-0.08440952327327948,1.127821812298375,1,185.2,4,0,True,True
12,11640,3,-0.17578766538268373,-1.293263382970824,1,180.4,4,0,False,True
12,11640,4,-0.059203393816944866,-0.39740690591549505,1,161.7,4,0,True,True
12,11770,1,0.01641499455205898,-4.9730930605571055,2,147.9,5,1,False,False
12,11770,2,0.04090176935971096,3.94188044037028,1,165.4,4,0,True,True
12,11770,3,-0.10864071898419393,9.932885701775843,2,171.0,8,4,False,False
12,11770,4,0.1417262871850494,-2.1590344324851998,1,130.3,4,0,True,True
12,11978,1,-0.22619992429535293,1.7571940534569161,1,188.5,4,0,True,True
12,12038,1,0.08089271881102578,2.1335879008036196,1,138.8,4,0,True,True
12,12038,2,0.1487590198581982,2.9195347664090328,1,147.6,5,1,False,False
12,12078,1,-0.10889629808093146,-7.787151688629011,2,168.6,4,0,True,True
12,12078,2,-0.008791134904275634,-3.4478643423432347,2,173.1,5,1,False,False
12,12080,1,0.07652920827739998,1.1744868252953313,1,140.1,4,0,True,True
12,12080,2,0.0416211240083936,-6.498321778770975,2,165.7,4,0,True,True
12,13386,1,-0.29745480213073094,7.291981283606814,1,199.4,4,0,True,True
12,13386,2,-0.06356690435057066,-1.3565079814237833,1,182.0,5,1,True,False
12,1521,1,0.03556332508066498,-4.297055806401608,2,147.1,4,0,False,True
12,1521,2,0.026836304013413394,-6.215257957418185,2,168.7,4,0,False,True
12,6916,1,-0.11469851791192255,12.134151674145212,2,174.1,5,1,False,False
12,6916,2,0.04429034614791658,-2.378853655385031,1,165.2,3,-1,True,True
12,8179,1,0.013026417763853354,1.3476410351982064,1,148.6,5,1,False,False
12,8179,2,0.06877712095556855,6.536119845542354,2,161.1,5,1,False,False
12,8179,3,0.027811237758833564,1.0645772138454155,1,148.5,4,0,True,True
12,8179,4,0.08186765255644594,9.413423072067218,2,139.9,5,1,False,False
12,8234,1,-0.09580576648005407,-4.909848462104146,2,167.3,4,0,True,True
12,8234,2,-0.15663933485407772,-0.6172261288153262,1,195.5,4,0,True,True
12,8240,1,-0.14282944860451766,-8.180125121431717,2,173.0,4,0,False,True
12,8243,1,0.05471165560927099,-3.6210185522461096,2,142.6,5,1,False,False
12,8243,2,-0.041029997033759036,-7.001204823023596,2,177.6,5,1,False,False
12,8243,3,-0.013154645437901432,-4.406965417851523,2,156.0,4,0,False,True
12,8243,4,0.06780218721014838,-0.7437153257212452,1,141.4,4,0,True,True
12,8246,1,-0.05581481702873924,-6.718141001670806,2,159.9,4,0,False,True
12,8277,1,-0.07398821381192508,-0.11434308456270421,1,162.2,4,0,True,True
12,8277,2,-0.06187261595646785,-4.516875029301439,2,181.2,6,2,False,False
12,8277,3,-0.11736774005144553,8.014683550759267,6,173.1,5,1,False,False
12,8277,4,-0.1096156527296141,2.653050530512245,1,168.3,5,1,False,False
12,8284,1,0.029505526152936376,-2.09578983403224,1,147.1,4,0,True,True
12,8284,2,0.060769454536999605,-5.822284524615477,2,161.3,3,-1,True,True
12,8284,3,0.029505526152936376,-2.09578983403224,1,148.3,4,0,True,True
12,8284,4,0.0016301745570787762,-4.690029239204314,2,152.9,4,0,True,True
12,8300,1,0.036538258826085156,2.9827793648619916,1,145.2,4,0,True,True
12,8300,2,-0.06331132525383315,16.363529408981073,2,185.9,5,1,False,False
12,8300,3,-0.023575954899255843,-3.164800520990444,1,156.3,5,1,False,False
12,8300,4,-0.13990464736825717,13.65938039235908,2,176.4,5,1,False,False
12,8318,1,0.023447727225207764,0.10547613833712732,1,146.3,4,0,True,True
12,8318,2,0.1565111071800296,-2.4420982538379903,1,146.4,5,1,True,False
12,8380,1,0.024422660970627934,7.385311309600727,2,149.5,5,1,False,False
12,8380,2,0.02175343883110495,3.265843186214783,1,167.3,5,1,True,False
12,8380,3,-0.049501439004273104,8.800630416364681,2,163.0,5,1,False,False
12,8380,4,0.0990661155942116,-4.470210016304482,2,137.1,4,0,False,True
12,8386,1,-0.28364491588117097,-0.27091770900957657,1,195.0,5,1,False,False
12,8386,2,-0.3546442146198115,22.983906911545173,2,233.4,5,1,False,False
12,8392,1,-0.027939465432881637,-4.123901596498732,2,154.7,5,1,False,False
12,8392,2,-0.023575954899255843,-3.164800520990444,2,174.9,3,-1,True,True
12,8392,3,-0.08343458952785932,8.407656983561974,2,167.9,5,1,False,False
12,8392,4,0.008662907230227557,0.3885399596899181,1,149.2,3,-1,True,True
12,8430,1,0.019084216691581966,-0.853624937171161,1,147.8,4,0,True,True
12,8430,2,-0.06454183809599084,-8.636343152687383,2,183.3,6,2,False,False
12,8434,1,0.07483491988329716,4.334853873172987,1,141.1,4,0,False,True
12,8434,2,-0.05581481702873924,-6.718141001670806,2,180.9,4,0,False,True
12,8589,1,-0.08004601273965369,2.0869228878066632,1,163.0,4,0,True,True
12,8589,2,0.06780218721014838,-0.7437153257212452,1,160.5,4,0,True,True
12,8589,3,-0.0991943432682597,1.4108856336511657,1,170.1,4,0,True,True
12,8589,4,0.024422660970627934,7.385311309600727,2,147.7,5,1,True,False
12,8770,1,-0.12368111807591166,-7.50408786727622,2,171.5,4,0,True,True
12,8770,2,0.10004104933963179,2.8096251549591167,1,155.8,4,0,True,True
12,8772,1,0.07216569774377418,0.21538574978704295,1,139.7,4,0,False,True
12,8772,2,0.18171723663636424,-3.96732697205186,2,142.5,4,0,True,True
12,8772,3,0.03217474829245936,2.023678289353704,1,147.1,4,0,False,True
12,8772,4,0.020059150437002137,6.426210234092439,2,148.5,6,2,False,False
12,8811,1,0.0459846345420194,-5.539220703262687,2,144.5,4,0,False,True
12,8811,2,0.06343867667652259,-1.7028164012295335,1,161.3,4,0,True,True
12,8838,1,-0.11736774005144553,8.014683550759267,6,171.6,4,0,False,True
12,8838,2,0.02611694936473075,4.2249442617230715,1,167.9,4,0,True,True
12,8838,3,0.06174438828241977,1.457550646648122,1,143.5,4,0,True,True
12,8838,4,0.07047140934967137,3.375752797664698,1,141.1,4,0,True,True
12,8840,1,-0.032302975966507434,-5.08300267200702,2,155.9,4,0,True,True
12,8840,2,-0.10258292005646531,7.731619729406477,6,188.5,5,1,False,False
12,8859,1,-0.1253754064700145,-4.343720819398564,2,172.0,6,2,False,False
12,8859,2,-0.008791134904275634,-3.4478643423432347,2,173.4,5,1,True,False
12,8859,3,0.073859986137877,-2.9449812980906125,2,142.0,5,1,False,False
12,8859,4,0.03797696812345044,-17.897625073420517,2,154.4,5,1,False,False
12,8881,1,-0.14354880325320032,2.2600770977095386,1,174.1,5,1,True,False
12,8881,2,-0.4712284861855503,22.088050434489848,2,250.5,6,2,False,False
12,8881,3,-0.1740933769885809,-4.453630430848479,2,180.1,4,0,False,True
12,8881,4,-0.18790326323814097,3.1092685617679106,1,180.3,4,0,False,True
12,8883,1,0.0886448061328572,-3.2280451194434034,2,136.8,4,0,False,True
12,8883,2,-0.09750005487415687,-1.7494814142264898,1,187.1,4,0,True,True
12,8884,1,-0.023575954899255843,-3.164800520990444,2,156.0,5,1,False,False
12,8884,2,0.006968618836124745,3.5489070075675735,1,169.0,4,0,True,True
12,8884,3,-0.044418573821964666,-0.680470727268286,1,159.4,4,0,True,True
12,8884,4,-0.04611286221606747,2.4798963206093694,1,158.8,4,0,True,True
12,8972,1,-0.00612191276475265,0.671603781042709,1,152.9,4,0,True,True
12,8972,2,0.019084216691581966,-0.853624937171161,1,167.8,4,0,False,True
12,9000,1,0.02514201561931058,-3.0548909095405286,2,147.9,4,0,False,True
12,9000,2,0.046959568287439565,1.740614468000913,1,163.3,5,1,False,False
12,9000,3,0.03217474829245936,2.023678289353704,1,148.5,3,-1,True,True
12,9000,4,-0.014848933832004245,-1.2465983699738676,1,153.0,4,0,False,True
12,9082,1,0.0026051083024989452,2.5898059320592854,1,152.0,4,0,True,True
12,9082,2,0.020778505085684774,-4.013991985048817,2,167.9,4,0,False,True
12,9082,3,-0.04174935168244168,3.438997396117658,1,160.4,3,-1,True,True
12,9082,4,-0.09483083273463389,2.3699867091594538,1,166.4,4,0,False,True
12,9089,1,-0.06187261595646785,-4.516875029301439,2,161.1,5,1,False,False
12,9089,2,-0.02624517703877883,-7.284268644376387,2,175.8,4,0,False,True
12,9089,3,-0.008791134904275634,-3.4478643423432347,1,155.1,4,0,True,True
12,9089,4,0.019084216691581966,-0.853624937171161,1,147.9,4,0,True,True
12,9111,1,-0.013154645437901432,-4.406965417851523,2,153.3,4,0,False,True
12,9111,2,-0.03060868757240462,-8.243369719884676,2,177.6,6,2,False,False
12,9111,3,-0.06623612649009365,-5.475976104809727,2,162.7,4,0,True,True
12,9111,4,0.020778505085684774,-4.013991985048817,2,149.1,5,1,False,False
12,9113,1,0.01641499455205898,-4.9730930605571055,2,149.6,5,1,False,False
12,9113,2,0.014720706157956169,-1.8127260126794493,1,168.4,4,0,True,True
12,9113,3,-0.09652512112873671,5.530353757037109,2,168.6,4,0,False,True
12,9113,4,0.046959568287439565,1.740614468000913,1,144.7,4,0,True,True
12,9115,1,0.23479871768855645,-2.898316285093656,1,114.3,4,0,True,True
12,9115,2,0.12766082183875185,-12.316172830273665,2,154.8,6,2,False,False
12,9115,3,0.21128687662632464,-4.533454614757442,2,120.0,4,0,False,True
12,9115,4,0.21831960929947344,0.5451145841367899,1,116.5,4,0,False,True
12,9130,1,-0.01751815597152723,-5.366066493359812,2,153.9,4,0,True,True
12,9130,2,-0.01751815597152723,-5.366066493359812,2,173.5,5,1,False,False
12,9134,1,-0.010485423298378448,-0.28749729446557926,1,152.5,4,0,True,True
12,9134,2,0.029505526152936376,-2.09578983403224,1,167.3,5,1,False,False
12,9134,3,-0.025270243293358655,-0.004433473112788361,1,156.5,4,0,True,True
12,9134,4,-0.06623612649009365,-5.475976104809727,2,163.8,4,0,False,True
12,9135,1,0.1487590198581982,2.9195347664090328,1,127.2,4,0,True,True
12,9135,2,0.07191011864703666,-17.504651640617812,2,166.9,5,1,False,False
12,9135,3,0.10512391452194023,-6.6714759886738495,2,137.7,4,0,False,True
12,9135,4,0.17396514931453283,1.3943060481951626,1,123.8,4,0,False,True
12,9136,1,-0.06089768221104769,2.7629601419621608,1,160.3,4,0,True,True
12,9136,2,-0.029633753826984452,-0.9635345486210768,1,176.0,4,0,True,True
12,9145,1,-0.4200968726241984,8.597390778920852,1,219.9,5,1,False,False
12,9145,2,-0.6677946566539189,24.80877903656784,2,282.8,7,3,False,False
12,9145,3,0.020778505085684774,-4.013991985048817,2,150.3,4,0,True,True
12,9145,4,-0.0027333359765470216,-5.649130314712602,2,153.8,4,0,True,True
12,9174,1,0.06174438828241977,1.457550646648122,1,140.7,4,0,True,True
12,9174,2,0.13397419986321799,3.2025985877618233,1,149.3,5,1,True,False
12,9183,1,-0.07131899167240209,4.00512503882324,1,164.2,5,1,False,False
12,9183,2,-0.15325075806587207,-6.937960224570638,2,196.2,5,1,False,False
12,9235,1,-0.020906732759732857,0.9546676023955,1,155.4,4,0,True,True
12,9235,2,-0.048782084355590456,-1.639571802776574,1,179.3,4,0,True,True
12,9235,3,-0.044418573821964666,-0.680470727268286,1,160.5,4,0,True,True
12,9235,4,0.07047140934967137,3.375752797664698,1,139.3,4,0,True,True
12,9277,1,-0.11736774005144553,8.014683550759267,6,171.9,5,1,False,False
12,9277,2,0.036538258826085156,2.9827793648619916,1,164.8,5,1,True,False
12,9389,1,-0.09847498861957704,-9.02931658549009,2,168.3,4,0,True,True
12,9389,2,-0.10694643059009111,6.772518653898188,6,189.2,6,2,False,False
12,9389,3,-0.15833362324818054,2.5431409190623295,1,178.9,3,-1,True,True
12,9389,4,-0.1462180253927233,-1.8593910256764057,1,174.6,4,0,False,True
12,9391,1,-0.08440952327327948,1.127821812298375,1,164.9,4,0,True,True
12,9391,2,0.1252471787959664,1.2843964367452467,1,150.3,4,0,True,True
12,9426,1,0.04259605775381377,0.7815133924926246,1,144.1,5,1,False,False
12,9426,2,0.04865385668154238,-1.4197525798767427,1,163.2,4,0,False,True
12,9426,3,-0.06454183809599084,-8.636343152687383,2,165.1,4,0,False,True
12,9426,4,-0.01751815597152723,-5.366066493359812,2,155.3,5,1,False,False
12,9431,1,0.10948742505556602,-5.7123749131655615,2,134.2,4,0,True,True
12,9431,2,0.20692336609269887,-5.49255569026573,2,139.1,4,0,False,True
12,9431,3,0.18874996930951302,1.1112422268423716,1,124.0,5,1,True,False
12,9431,4,0.21370051966911013,-18.134023881776354,2,127.9,6,2,False,False
12,9436,1,-0.08707874541280247,-2.991646311087569,1,164.4,4,0,True,True
12,9436,2,-0.11228487486913709,-1.4664175928736989,1,189.5,5,1,False,False
12,9449,1,0.1182144461228176,-3.794172762148985,1,133.0,4,0,True,True
12,9449,2,0.17227086092042998,4.554673096072818,1,143.4,4,0,True,True
12,9449,3,-0.06623612649009365,-5.475976104809727,2,163.8,3,-1,True,True
12,9449,4,0.1104623588009862,1.5674602580980375,1,133.9,4,0,True,True
12,9465,1,-0.032302975966507434,-5.08300267200702,2,156.3,4,0,False,True
12,9465,2,0.06610789881604558,2.41665172215641,1,159.8,4,0,True,True
12,9465,3,-0.025270243293358655,-0.004433473112788361,1,156.7,4,0,False,True
12,9465,4,0.053992300960588345,6.819183666895145,2,142.5,4,0,False,True
12,9483,1,0.0842812955992314,-4.1871461949516915,2,138.3,4,0,True,True
12,9483,2,-0.020906732759732857,0.9546676023955,1,175.3,4,0,True,True
12,9483,3,-0.005146979019332481,7.951438952306308,2,156.3,4,0,False,True
12,9483,4,0.057380877748793975,0.4984495711398338,1,143.2,4,0,False,True
12,9487,1,0.1487590198581982,2.9195347664090328,1,129.0,4,0,True,True
12,9487,2,0.08961973987827737,4.051790051820196,1,158.1,6,2,False,False
12,9652,1,-0.15735868950276036,9.822976090325929,6,179.0,5,1,False,False
12,9652,2,0.0886448061328572,-3.2280451194434034,2,156.5,4,0,False,True
12,9652,3,0.1104623588009862,1.5674602580980375,1,136.3,4,0,True,True
12,9652,4,0.15142824199772117,7.039002889794976,2,127.8,4,0,False,True
12,9702,1,-0.029633753826984452,-0.9635345486210768,1,155.6,4,0,True,True
12,9702,2,-0.1008886316623625,4.571252681528822,2,186.4,5,1,False,False
12,9705,1,-0.025270243293358655,-0.004433473112788361,1,155.2,4,0,True,True
12,9705,2,-0.1297389170036403,-5.3028218949068515,2,191.2,4,0,True,True
12,9705,3,-0.1610028453877035,-1.5763272043236145,1,177.5,3,-1,False,True
12,9705,4,0.036538258826085156,2.9827793648619916,1,145.3,4,0,False,True
12,9708,1,0.19480776823724164,-1.0900237455269952,1,120.1,4,0,True,True
12,9708,2,0.2018405009103904,3.988545453367237,1,140.4,4,0,True,True
12,9708,3,-0.2816950483903306,14.288752633517621,2,201.5,4,0,False,True
12,9708,4,0.10948742505556602,-5.7123749131655615,2,136.1,4,0,False,True
12,9714,1,0.0782234966715028,-1.9858802225823242,1,140.0,5,1,True,False
12,9714,2,0.029505526152936376,-2.09578983403224,1,167.3,4,0,True,True
12,9723,1,0.21903896394815608,-9.895087635004465,2,116.9,4,0,False,True
12,9723,2,0.03556332508066498,-4.297055806401608,2,165.2,5,1,False,False
12,9750,1,-0.11736774005144553,8.014683550759267,6,170.9,5,1,False,False
12,9750,2,-0.12173125058507132,7.055582475250979,6,191.2,5,1,False,False
12,9759,1,0.11554522398329463,-7.913640885534929,2,134.3,4,0,True,True
12,9759,2,0.15918032931955262,1.6773698695479533,1,145.2,5,1,True,False
12,9759,3,0.06513296507062541,-4.863183449107189,2,143.6,5,1,True,False
12,9759,4,0.1356684882573208,0.04223153988416813,1,131.2,3,-1,False,True
12,9765,1,0.023447727225207764,0.10547613833712732,1,148.4,4,0,False,True
12,9765,2,0.013026417763853354,1.3476410351982064,1,167.7,4,0,True,True
12,9765,3,0.009637840975647727,7.6683751309535175,2,152.3,5,1,True,False
12,9765,4,-0.01654322222610706,1.9137686779037881,1,155.1,4,0,True,True
12,9784,1,0.1252471787959664,1.2843964367452467,1,131.4,5,1,False,False
12,9784,2,0.1269414671900692,-1.8759706111324086,1,151.7,3,-1,True,True
12,9784,3,0.02611694936473075,4.2249442617230715,1,149.0,4,0,True,True
12,9784,4,0.1182144461228176,-3.794172762148985,2,134.0,5,1,False,False
12,9820,1,0.112156647195089,-1.5929067897796179,1,134.3,3,-1,True,True
12,9820,2,0.09737182720010881,-1.309842968426827,1,155.3,3,-1,True,True
12,9820,3,0.09737182720010881,-1.309842968426827,1,136.6,4,0,True,True
12,9820,4,0.08695051773875438,-0.06767807156574789,1,138.3,4,0,False,True
12,9937,1,-0.11736774005144553,8.014683550759267,6,171.8,5,1,False,False
12,9937,2,0.005993685090704573,-3.7309281636960256,2,170.3,4,0,True,True
12,9990,1,-0.018237510620209875,5.074135725781443,1,154.3,4,0,True,True
12,9990,2,0.039926835614290786,-3.337954730893319,2,164.4,4,0,True,True
12,9990,3,-0.0773767906001307,6.206391011192607,2,165.0,4,0,True,True
12,9990,4,0.023447727225207764,0.10547613833712732,1,147.4,4,0,True,True
