player,player_code,final_rank,round,hole,par,pin_x,pin_y,tee_end_x,tee_end_y,tee_lie_name,tee_lie_bucket,remaining_distance_yd,remaining_distance_reliable,dist_band,next_shot_start_x,next_shot_start_y,next_shot_end_x,next_shot_end_y,next_lie_name,gir,gir_shot_number,approach_pin_distance_yd,recovery_required,penalty,lat_bucket,miss_severity_score,favorable_condition,unfavorable_condition,strokes,score_to_par,par_or_better,bogey_plus,double_plus
유해란,9115,1,1,1,4,51.0,61.0,61.0,78.0,BUNKER,BUNKER,156.3,True,NEAR,61.0,78.0,80.0,12.0,GREEN,True,2,6.4,True,False,LAT1,3,False,False,4,0,True,False,False
유해란,9115,1,1,6,4,84.0,83.0,73.0,80.0,ROUGH,ROUGH,156.2,True,NEAR,73.0,80.0,69.0,25.0,GREENSIDE_BUNKER,False,3,2.8,False,False,LAT1,2,True,False,4,0,True,False,False
유해란,9115,1,1,7,5,45.0,130.0,40.0,99.0,ROUGH,ROUGH,258.2,True,NEAR,40.0,99.0,54.0,54.0,ROUGH,True,3,13.4,False,False,LAT3,2,True,False,5,0,True,False,False
유해란,9115,1,1,9,4,84.0,97.0,37.0,60.0,ROUGH,ROUGH,143.8,True,FAR,37.0,60.0,89.0,18.0,ROUGH,False,3,0.4,False,False,LAT3,4,False,True,4,0,True,False,False
유해란,9115,1,1,18,5,92.0,79.0,65.0,99.0,ROUGH,ROUGH,272.3,True,NEAR,65.0,99.0,57.0,44.0,FAIRWAY,False,4,0.7,False,False,LAT1,2,True,False,5,0,True,False,False
유해란,9115,1,2,1,4,47.0,106.0,61.0,78.0,BUNKER,BUNKER,136.2,True,NEAR,61.0,78.0,74.0,29.0,ROUGH,False,3,3.5,True,False,LAT1,3,False,False,4,0,True,False,False
유해란,9115,1,2,7,5,89.0,103.0,44.0,95.0,ROUGH,ROUGH,263.1,True,NEAR,44.0,95.0,61.0,39.0,FAIRWAY,True,3,1.5,False,False,LAT3,2,True,False,4,-1,True,False,False
유해란,9115,1,2,12,4,63.0,80.0,92.0,71.0,ROUGH,ROUGH,154.8,True,MID,92.0,71.0,65.0,33.0,ROUGH,False,4,1.2,False,False,LAT1,3,True,False,6,2,False,True,True
유해란,9115,1,2,18,5,39.0,110.0,66.0,96.0,ROUGH,ROUGH,249.0,True,NEAR,66.0,96.0,57.0,44.0,FAIRWAY,True,3,3.3,False,False,LAT1,2,True,False,5,0,True,False,False
유해란,9115,1,3,3,4,48.0,79.0,66.0,79.0,ROUGH,ROUGH,183.2,True,NEAR,66.0,79.0,64.0,19.0,ROUGH,False,4,0.8,False,False,LAT1,2,True,False,5,1,False,True,False
유해란,9115,1,3,6,4,65.0,69.0,56.0,105.0,LOST_BALL,OTHER,,False,,56.0,105.0,65.0,187.0,PENALTY_STROKE,False,4,6.0,True,True,LAT3,8,False,True,5,1,False,True,False
유해란,9115,1,3,7,5,63.0,79.0,50.0,103.0,BUNKER,BUNKER,289.5,True,MID,50.0,103.0,63.0,49.0,FAIRWAY,True,3,12.1,True,False,LAT1,4,False,False,5,0,True,False,False
유해란,9115,1,3,12,4,83.0,114.0,83.0,68.0,ROUGH,ROUGH,120.0,True,NEAR,83.0,68.0,66.0,27.0,FRINGE,False,3,1.3,False,False,LAT1,2,True,False,4,0,True,False,False
유해란,9115,1,3,17,4,44.0,104.0,63.0,73.0,BUNKER,BUNKER,116.8,True,NEAR,63.0,73.0,62.0,16.0,GREEN,True,2,15.7,True,False,LAT1,3,False,False,3,-1,True,False,False
유해란,9115,1,4,3,4,72.0,82.0,61.0,78.0,ROUGH,ROUGH,179.2,True,NEAR,61.0,78.0,64.0,5.0,ROUGH,False,3,0.8,False,False,LAT1,2,True,False,4,0,True,False,False
유해란,9115,1,4,8,4,38.0,108.0,35.0,70.0,ROUGH,ROUGH,127.1,True,NEAR,35.0,70.0,61.0,22.0,ROUGH,False,3,1.1,False,False,LAT3,2,True,False,4,0,True,False,False
유해란,9115,1,4,9,4,42.0,113.0,43.0,51.0,ROUGH,ROUGH,103.5,True,NEAR,43.0,51.0,80.0,21.0,GREEN,True,2,5.3,False,False,LAT3,2,True,False,4,0,True,False,False
유해란,9115,1,4,14,4,83.0,117.0,96.0,78.0,ROUGH,ROUGH,147.2,True,MID,96.0,78.0,48.0,17.0,GREEN,True,2,20.9,False,False,LAT1,3,True,False,5,1,False,True,False
유해란,9115,1,4,15,4,81.0,77.0,59.0,68.0,ROUGH,ROUGH,158.3,True,MID,59.0,68.0,66.0,4.0,GREEN,True,2,15.0,False,False,LAT3,3,True,False,4,0,True,False,False
유해란,9115,1,4,18,5,48.0,83.0,55.0,97.0,BUNKER,BUNKER,264.5,True,NEAR,55.0,97.0,60.0,52.0,FAIRWAY,False,4,0.5,True,False,LAT3,3,False,False,5,0,True,False,False
