player,card_id,홀_상황,출발조건,권장위치후보,허용가능위치후보,고위험위치후보,예상다음샷조건,필드근거,선수개인근거,신뢰도,의사결정변화
유해란,RYU01,그린 적중 후 3~6yd 이내 첫 퍼트,"GIR 달성, 첫 퍼트 3~6yd",해당없음(퍼팅 전략 카드),해당없음,해당없음,"본인 GIR-hole 평균 첫퍼트 7.06yd대에서 버디전환 28.3%(최고치)지만 3-putt 사례(R1H16 2.7yd, R1H10 3.4yd)가 반복 관찰됨","GREEN 3-6yd 필드 전체 par+65%,bogey+35%(n=1195)","n=17, par%=76.5%, bogey+%=5.9%(approach_proximity_conversion.csv)",MEDIUM(개인 n=17 중간),짧은 거리 makeable range에서의 루틴 점검 — '퍼팅 더 잘해라'가 아니라 특정 3~6yd 구간 루틴 점검
유해란,RYU02,티샷 미스 후 회복 국면(러프/벙커/페널티 발생 홀),"비정상적 시작(러프, 벙커, 로스트볼 등)",그린을 직접 노리기보다 페어웨이 복귀 우선(R3H6 사례 근거),그린 적중 실패해도 짧은 칩 거리 확보,UNKNOWN(표본 부족 — 그녀의 큰 손실 사례가 1건뿐이라 '고위험 위치'를 특정할 표본이 없음),R3H6(로스트볼+페널티)에서도 보기로 막은 사례가 유일 Double+ 외 그녀의 전형적 패턴,ROUGH 0-50yd 필드 bogey+54%(n=1064),72홀 중 Double+ 1회뿐(그 자체가 근거),"MEDIUM(패턴 1회, 반복성 추가 토너먼트 필요)",나쁜 시작에서도 '그린을 직접 노리지 않아도 된다'는 damage-control 지침은 실제 근거 있음
유해란,RYU03,일반 상황(해당 없음 — 표본 부족으로 추천 보류),NO RECOMMENDATION,NO RECOMMENDATION,NO RECOMMENDATION,NO RECOMMENDATION,NO RECOMMENDATION,NO RECOMMENDATION,NO RECOMMENDATION,NO RECOMMENDATION,"그녀의 티샷 landing corridor별 세부 권장은 이번 분석(72홀, 4라운드)만으로는 홀별 n이 1~2에 불과해 특정 corridor를 권장할 근거 부족"
이재윤,LEE01,"그린 적중, 6~12yd 첫 퍼트권",GIR 달성이지만 핀에서 6yd 이상,approach club 선택 시 7yd 이내 진입을 목표 proximity로 설정,"9-12yd(필드도 버디율 낮은 구간, 열세가 field 수준)",해당없음(그의 Bogey+ 비율 자체는 낮음),"6-9yd 버디 0%(n=13, 필드 10.8%), 9-12yd 버디 0%(n=9, 필드 5.7%) — 거리 통제해도 필드보다 낮음",approach_proximity_conversion.csv 각 구간 FIELD 행,"같은 파일 이재윤 행, n=13/9(중간 표본)",MEDIUM(구간별 n 10 내외),'그린을 더 맞혀라'가 아니라 '맞힌 그린에서 더 가깝게' — 구체적으로 다른 지침
이재윤,LEE02,"러프 미스, 50yd 이내 근거리 회복","ROUGH, 50yd 이내",해당없음(회복 실행 자체가 강점),이 구간은 그에게 필드보다 유리한 구간으로 확인됨,해당없음,필드 평균 +0.673(bogey+54%) 대비 이재윤 개인 +0.286(n=14),field_vs_player_location_value.csv ROUGH 0-50yd 필드행(n=1064),같은 파일 이재윤행(n=14),MEDIUM(개인 n=14),이 구간에서는 보수적 조정이 불필요 — 그의 실제 강점이므로 전략 변경 금지가 오히려 지침
이재윤,LEE03,일반 상황,NO RECOMMENDATION,NO RECOMMENDATION,NO RECOMMENDATION,NO RECOMMENDATION,NO RECOMMENDATION,NO RECOMMENDATION,NO RECOMMENDATION,NO RECOMMENDATION,티샷 corridor별 세부 추천은 홀당 n=4로 근거 부족
박서현,PARK01,Hole 8 공격 강도,Hole 8 티잉 구역,그린 중앙 타겟(핀 공략 지양),페어웨이 중앙~약간 짧은 지점,페널티 구역 인접 approach 라인(R3H8 실제 사례),"필드 전체도 이 홀에서 평균보다 나쁨(+0.387, double+10.3%, n=331) — 코스 자체 위험",course_player_risk_matrix.csv Hole 8행(field n=331),"같은 파일 박서현 Hole8행(개인 n=4, avg+1.0, 고위험)","HIGH(코스위험은 필드 n=331로 확증, 선수위험은 n=4로 MEDIUM)",이 홀은 전체 필드 근거로도 보수적 접근이 정당화됨 — 그녀만의 문제로 축소하지 말 것
박서현,PARK02,Hole 9 공격 강도,Hole 9 티잉 구역,UNKNOWN(이 홀은 필드 전체엔 쉬운 홀이라 '권장 위치'를 코스 위험으로 정당화할 수 없음),UNKNOWN,"그녀 개인 반복 패턴(R3,R4에서 확인, R1은 정상)","필드는 평균보다 쉬움(+0.127, n=331)인데 그녀는 R3/R4에서 반복 고위험","course_player_risk_matrix.csv Hole9행(field n=331, 낮음)","같은 파일(개인 n=4, avg+1.0, 높음) + 3,13번홀 유사 반복(AF03)",HIGH(반복 3개 홀 패턴),이건 코스 탓이 아니라 그녀 개인의 반복 패턴 — 코치/캐디가 '이 홀은 원래 어렵다'고 넘기면 안 됨
박서현,PARK03,그린사이드 벙커 미스(10~13yd권),"GREENSIDE_BUNKER, 핀까지 10~13yd",해당없음(미스 자체가 아니라 회복 실행이 핵심),"이 거리의 벙커 미스 자체는 필드 전체에도 위험(R1H3 field n=16, avg+0.688)","회복샷이 그린에 도달하지 못하는 경우(R1H3 실제 사례, 5.1yd만 전진)","유해란은 같은 거리에서 10.1yd 전진, 그린 직행 — 회복 '거리 자체'가 차이",three_player_field_spatial_validation.csv r1h3_greenside_bunker_field(n=16),"casebook Case 4, n=1(단일 사례)","MEDIUM(미스 자체는 필드 n=16으로 확증, 회복 차이는 n=1)",벙커 회복 거리 컨트롤 특정 연습 — '벙커 연습해라'보다 구체적(10~13yd 그린 도달 목표)
박서현,PARK04,러프 미스 전반(홀 무관),"ROUGH, 임의 거리",해당없음,해당없음,회복 후 par-save 전환 자체가 필드 평균보다 낮음,"그녀의 러프 par-save 38%는 그녀 자신의 상대 비교(이재윤61%,유해란64%)뿐 아니라 필드 전체 46.3%(n=1152)보다도 낮음",three_player_field_spatial_validation.csv field_rough_miss_parsave(n=1152),"Steps5-25 보고서 기존 수치(n=16, 재인용)",HIGH(필드 n=1152로 확증된 real gap),러프 회복 전담 연습이 세 선수 비교를 넘어 필드 기준으로도 정당화됨
박서현,PARK05,일반 티샷 corridor,NO RECOMMENDATION,NO RECOMMENDATION,NO RECOMMENDATION,NO RECOMMENDATION,NO RECOMMENDATION,NO RECOMMENDATION,NO RECOMMENDATION,NO RECOMMENDATION,홀별 개인 n=4로는 세부 corridor 추천 불가 — 과신 방지
