player,round,hole,par,final_score,final_bucket,shot_number,lie_before,lie_after,shot_distance_yd,remaining_after_yd,end_x,end_y,pin_space_distance_mapunits
유해란,2,12,4,6,Double,1,TEE,ROUGH,255.2,154.8,92.0,71.0,331.7
유해란,2,12,4,6,Double,2,ROUGH,ROUGH,111.4,43.4,65.0,33.0,93.2
유해란,2,12,4,6,Double,3,ROUGH,ROUGH,35.4,8.0,62.0,12.0,17.0
유해란,2,12,4,6,Double,4,ROUGH,GREEN,6.8,1.2,62.0,15.0,3.0
유해란,2,12,4,6,Double,5,GREEN,GREEN,0.7,0.5,62.0,16.0,1.4
유해란,2,12,4,6,Double,6,GREEN,HOLED,0.5,0.0,62.0,15.0,0.0
박서현,1,3,4,6,Double,1,TEE,FAIRWAY,234.1,191.9,51.0,86.0,416.0
박서현,1,3,4,6,Double,2,FAIRWAY,GREENSIDE_BUNKER,179.4,12.5,55.0,18.0,27.2
박서현,1,3,4,6,Double,3,GREENSIDE_BUNKER,ROUGH,5.1,7.4,55.0,15.0,16.1
박서현,1,3,4,6,Double,4,ROUGH,GREEN,4.0,3.4,58.0,13.0,7.3
박서현,1,3,4,6,Double,5,GREEN,GREEN,2.4,1.0,58.0,14.0,1.4
박서현,1,3,4,6,Double,6,GREEN,HOLED,1.0,0.0,58.0,14.0,0.0
박서현,2,12,4,6,Double,1,TEE,ROUGH,232.4,177.6,91.0,82.0,380.6
박서현,2,12,4,6,Double,2,ROUGH,ROUGH,159.6,18.0,56.0,11.0,38.9
박서현,2,12,4,6,Double,3,ROUGH,GREEN,3.0,15.0,65.0,21.0,31.9
박서현,2,12,4,6,Double,4,GREEN,GREEN,13.7,1.3,62.0,16.0,2.8
박서현,2,12,4,6,Double,5,GREEN,GREEN,0.4,0.9,62.0,15.0,2.0
박서현,2,12,4,6,Double,6,GREEN,HOLED,0.9,0.0,62.0,15.0,0.0
박서현,3,8,4,7,TriplePlus,1,TEE,FAIRWAY,234.6,142.4,43.0,78.0,321.1
박서현,3,8,4,7,TriplePlus,2,FAIRWAY,PENALTY_AREA,,,71.0,28.0,46.1
박서현,3,8,4,7,TriplePlus,3,PENALTY_AREA,PENALTY_STROKE,,,64.0,44.0,132.9
박서현,3,8,4,7,TriplePlus,4,PENALTY_STROKE,ROUGH,,18.4,76.0,10.0,41.8
박서현,3,8,4,7,TriplePlus,5,ROUGH,FRINGE,12.8,5.6,72.0,20.0,12.8
박서현,3,8,4,7,TriplePlus,6,FRINGE,GREEN,5.3,0.3,73.0,18.0,1.4
박서현,3,8,4,7,TriplePlus,7,GREEN,HOLED,0.3,0.0,73.0,18.0,0.0
박서현,3,9,4,6,Double,1,TEE,FAIRWAY,279.3,124.7,48.0,72.0,300.6
박서현,3,9,4,6,Double,2,FAIRWAY,PENALTY_AREA,,,77.0,33.0,39.8
박서현,3,9,4,6,Double,3,PENALTY_AREA,PENALTY_STROKE,,,76.0,35.0,52.4
박서현,3,9,4,6,Double,4,PENALTY_STROKE,GREEN,,4.3,81.0,24.0,10.0
박서현,3,9,4,6,Double,5,GREEN,GREEN,4.1,0.2,80.0,26.0,1.0
박서현,3,9,4,6,Double,6,GREEN,HOLED,0.2,0.0,80.0,26.0,0.0
박서현,4,9,4,6,Double,1,TEE,ROUGH,265.6,138.4,39.0,69.0,334.2
박서현,4,9,4,6,Double,2,ROUGH,GREEN,119.5,18.9,84.0,15.0,45.3
박서현,4,9,4,6,Double,3,GREEN,GREEN,15.5,3.4,78.0,19.0,7.6
박서현,4,9,4,6,Double,4,GREEN,GREEN,1.7,1.7,77.0,21.0,4.1
박서현,4,9,4,6,Double,5,GREEN,GREEN,1.3,0.4,78.0,21.0,1.0
박서현,4,9,4,6,Double,6,GREEN,HOLED,0.4,0.0,78.0,21.0,0.0
