rank,pair,round,hole,par,a_strokes,b_strokes,diff,hole_mechanism,field_avg_score_to_par
1,유해란-이재윤,2,11,3,2,4,-2,APPROACH-DRIVEN,0.245
2,유해란-이재윤,2,12,4,6,4,2,TEE-DRIVEN,0.378
3,유해란-이재윤,2,15,4,3,5,-2,TEE-DRIVEN,0.257
4,유해란-이재윤,1,2,3,2,3,-1,MIXED,0.157
5,유해란-이재윤,1,4,5,5,6,-1,MIXED,0.085
6,유해란-이재윤,1,8,4,3,4,-1,MIXED,0.387
7,유해란-이재윤,1,9,4,4,5,-1,TEE-DRIVEN,0.127
8,유해란-이재윤,1,10,5,6,5,1,TEE-DRIVEN,0.278
9,유해란-이재윤,1,11,3,3,4,-1,APPROACH-DRIVEN,0.245
10,유해란-이재윤,1,14,4,5,4,1,MIXED,0.205
1,이재윤-박서현,3,8,4,4,7,-3,MIXED,0.387
2,이재윤-박서현,1,3,4,4,6,-2,APPROACH-DRIVEN,0.269
3,이재윤-박서현,2,12,4,4,6,-2,TEE-DRIVEN,0.378
4,이재윤-박서현,3,9,4,4,6,-2,TEE-DRIVEN,0.127
5,이재윤-박서현,4,9,4,4,6,-2,TEE-DRIVEN,0.127
6,이재윤-박서현,1,1,4,4,3,1,TEE-DRIVEN,0.369
7,이재윤-박서현,1,4,5,6,5,1,MIXED,0.085
8,이재윤-박서현,1,6,4,4,5,-1,MIXED,0.32
9,이재윤-박서현,1,8,4,4,5,-1,MIXED,0.387
10,이재윤-박서현,1,9,4,5,4,1,TEE-DRIVEN,0.127
1,유해란-박서현,3,8,4,4,7,-3,MIXED,0.387
2,유해란-박서현,1,3,4,4,6,-2,APPROACH-DRIVEN,0.269
3,유해란-박서현,1,8,4,3,5,-2,MIXED,0.387
4,유해란-박서현,1,16,3,4,2,2,PENALTY-DRIVEN,0.094
5,유해란-박서현,2,11,3,2,4,-2,APPROACH-DRIVEN,0.245
6,유해란-박서현,4,4,5,4,6,-2,MIXED,0.085
7,유해란-박서현,4,9,4,4,6,-2,TEE-DRIVEN,0.127
8,유해란-박서현,4,10,5,4,6,-2,TEE-DRIVEN,0.278
9,유해란-박서현,1,1,4,4,3,1,TEE-DRIVEN,0.369
10,유해란-박서현,1,2,3,2,3,-1,MIXED,0.157
