case_id,round,hole,player_a,player_b,comparison_type,player,role,raw_verified,pin_verified,lie_verified,distance_verified,coordinate_verified,score_verified,n_shots_raw,final_score_raw,final_score_to_par_raw,putts_fixed_raw,state_sequence_raw,final_coordinate_raw,condition_similarity_grade,repeatability_grade,confidence,notes
C1_R3H8,3,8,박서현,유해란,G_big_number,박서현,a,True,True,True,True,True,True,7,7,3,1,1-5-8-2-12-3-10,"(73.0, 18.0)",HIGH,n=1 (single hole-play pair),HIGH,"RAW-reconciled directly from klpga_player_shot this task, independent of prior derived CSV"
C1_R3H8,3,8,박서현,유해란,G_big_number,유해란,b,True,True,True,True,True,True,4,4,0,2,1-3-3-10,"(73.0, 18.0)",HIGH,n=1 (single hole-play pair),HIGH,"RAW-reconciled directly from klpga_player_shot this task, independent of prior derived CSV"
C2_R1H16,1,16,유해란,박서현,F_counterexample,유해란,a,True,True,True,True,True,True,4,4,1,3,3-3-3-10,"(60.0, 17.0)",HIGH,n=1 (single hole-play pair),HIGH,"RAW-reconciled directly from klpga_player_shot this task, independent of prior derived CSV"
C2_R1H16,1,16,유해란,박서현,F_counterexample,박서현,b,True,True,True,True,True,True,2,2,-1,1,3-10,"(60.0, 17.0)",HIGH,n=1 (single hole-play pair),HIGH,"RAW-reconciled directly from klpga_player_shot this task, independent of prior derived CSV"
C3_R2H12,2,12,유해란,이재윤,E_F_counterexample,유해란,a,True,True,True,True,True,True,6,6,2,2,2-2-2-3-3-10,"(62.0, 15.0)",HIGH,n=1 (single hole-play pair),HIGH,"RAW-reconciled directly from klpga_player_shot this task, independent of prior derived CSV"
C3_R2H12,2,12,유해란,이재윤,E_F_counterexample,이재윤,b,True,True,True,True,True,True,4,4,0,2,1-3-3-10,"(62.0, 15.0)",HIGH,n=1 (single hole-play pair),HIGH,"RAW-reconciled directly from klpga_player_shot this task, independent of prior derived CSV"
C4_R1H3,1,3,유해란,박서현,B_same_miss,유해란,a,True,True,True,True,True,True,4,4,0,1,1-9-3-10,"(58.0, 14.0)",HIGH,n=1 (single hole-play pair),HIGH,"RAW-reconciled directly from klpga_player_shot this task, independent of prior derived CSV"
C4_R1H3,1,3,유해란,박서현,B_same_miss,박서현,b,True,True,True,True,True,True,6,6,2,2,1-9-2-3-3-10,"(58.0, 14.0)",HIGH,n=1 (single hole-play pair),HIGH,"RAW-reconciled directly from klpga_player_shot this task, independent of prior derived CSV"
C5_R1H10,1,10,유해란,이재윤,A_F_same_start,유해란,a,True,True,True,True,True,True,6,6,1,2,1-1-2-3-3-10,"(78.0, 18.0)",HIGH,n=1 (single hole-play pair),HIGH,"RAW-reconciled directly from klpga_player_shot this task, independent of prior derived CSV"
C5_R1H10,1,10,유해란,이재윤,A_F_same_start,이재윤,b,True,True,True,True,True,True,5,5,0,2,1-2-3-3-10,"(78.0, 18.0)",HIGH,n=1 (single hole-play pair),HIGH,"RAW-reconciled directly from klpga_player_shot this task, independent of prior derived CSV"
C6_R1H14,1,14,유해란,박서현,A_F_same_start,유해란,a,True,True,True,True,True,True,5,5,1,3,1-3-3-3-10,"(53.0, 22.0)",HIGH,n=1 (single hole-play pair),HIGH,"RAW-reconciled directly from klpga_player_shot this task, independent of prior derived CSV"
C6_R1H14,1,14,유해란,박서현,A_F_same_start,박서현,b,True,True,True,True,True,True,4,4,0,2,1-3-3-10,"(53.0, 22.0)",HIGH,n=1 (single hole-play pair),HIGH,"RAW-reconciled directly from klpga_player_shot this task, independent of prior derived CSV"
C7_R3H3,3,3,유해란,이재윤,B_F_same_miss,유해란,a,True,True,True,True,True,True,5,5,1,1,2-2-12-3-10,"(60.0, 10.0)",HIGH,n=1 (single hole-play pair),HIGH,"RAW-reconciled directly from klpga_player_shot this task, independent of prior derived CSV"
C7_R3H3,3,3,유해란,이재윤,B_F_same_miss,이재윤,b,True,True,True,True,True,True,4,4,0,1,2-2-3-10,"(60.0, 10.0)",HIGH,n=1 (single hole-play pair),HIGH,"RAW-reconciled directly from klpga_player_shot this task, independent of prior derived CSV"
C8_R1H9,1,9,유해란,이재윤,B_same_miss,유해란,a,True,True,True,True,True,True,4,4,0,1,2-2-3-10,"(86.0, 18.0)",HIGH,n=1 (single hole-play pair),HIGH,"RAW-reconciled directly from klpga_player_shot this task, independent of prior derived CSV"
C8_R1H9,1,9,유해란,이재윤,B_same_miss,이재윤,b,True,True,True,True,True,True,5,5,1,2,2-2-3-3-10,"(86.0, 18.0)",HIGH,n=1 (single hole-play pair),HIGH,"RAW-reconciled directly from klpga_player_shot this task, independent of prior derived CSV"
C9_R2H3,2,3,유해란,,C_fw_hit_bad,유해란,a,True,True,True,True,True,True,5,5,1,2,1-12-3-3-10,"(63.0, 14.0)",N/A (single-player case),n=1 (single hole-play pair),MEDIUM,"RAW-reconciled directly from klpga_player_shot this task, independent of prior derived CSV"
C10_R2H7,2,7,유해란,,D_fw_miss_good,유해란,a,True,True,True,True,True,True,4,4,-1,1,2-1-3-10,"(70.0, 14.0)",N/A (single-player case),n=1 (single hole-play pair),MEDIUM,"RAW-reconciled directly from klpga_player_shot this task, independent of prior derived CSV"
C11_R3H6,3,6,유해란,,H_preservation,유해란,a,True,True,True,True,True,True,5,5,1,1,7-8-1-3-10,"(65.0, 11.0)",N/A (single-player case),n=1 (single hole-play pair),MEDIUM,"RAW-reconciled directly from klpga_player_shot this task, independent of prior derived CSV"
C14_R2H13,2,13,이재윤,유해란,F_J,이재윤,a,True,True,True,True,True,True,3,3,-1,1,1-3-10,"(62.0, 26.0)",HIGH,n=1 (single hole-play pair),HIGH,"RAW-reconciled directly from klpga_player_shot this task, independent of prior derived CSV"
C14_R2H13,2,13,이재윤,유해란,F_J,유해란,b,True,True,True,True,True,True,4,4,0,2,1-3-3-10,"(62.0, 26.0)",HIGH,n=1 (single hole-play pair),HIGH,"RAW-reconciled directly from klpga_player_shot this task, independent of prior derived CSV"
